/Users/PpD/Desktop/FinalDB/data/emotions/0neutral/neutral1.jpg;0
/Users/PpD/Desktop/FinalDB/data/emotions/0neutral/neutral10.jpg;0
/Users/PpD/Desktop/FinalDB/data/emotions/0neutral/neutral100.jpg;0
/Users/PpD/Desktop/FinalDB/data/emotions/0neutral/neutral101.jpg;0
/Users/PpD/Desktop/FinalDB/data/emotions/0neutral/neutral102.jpg;0
/Users/PpD/Desktop/FinalDB/data/emotions/0neutral/neutral103.jpg;0
/Users/PpD/Desktop/FinalDB/data/emotions/0neutral/neutral104.jpg;0
/Users/PpD/Desktop/FinalDB/data/emotions/0neutral/neutral105.jpg;0
/Users/PpD/Desktop/FinalDB/data/emotions/0neutral/neutral106.jpg;0
/Users/PpD/Desktop/FinalDB/data/emotions/0neutral/neutral107.jpg;0
/Users/PpD/Desktop/FinalDB/data/emotions/0neutral/neutral108.jpg;0
/Users/PpD/Desktop/FinalDB/data/emotions/0neutral/neutral109.jpg;0
/Users/PpD/Desktop/FinalDB/data/emotions/0neutral/neutral11.jpg;0
/Users/PpD/Desktop/FinalDB/data/emotions/0neutral/neutral110.jpg;0
/Users/PpD/Desktop/FinalDB/data/emotions/0neutral/neutral111.jpg;0
/Users/PpD/Desktop/FinalDB/data/emotions/0neutral/neutral112.jpg;0
/Users/PpD/Desktop/FinalDB/data/emotions/0neutral/neutral113.jpg;0
/Users/PpD/Desktop/FinalDB/data/emotions/0neutral/neutral114.jpg;0
/Users/PpD/Desktop/FinalDB/data/emotions/0neutral/neutral115.jpg;0
/Users/PpD/Desktop/FinalDB/data/emotions/0neutral/neutral116.jpg;0
/Users/PpD/Desktop/FinalDB/data/emotions/0neutral/neutral117.jpg;0
/Users/PpD/Desktop/FinalDB/data/emotions/0neutral/neutral118.jpg;0
/Users/PpD/Desktop/FinalDB/data/emotions/0neutral/neutral119.jpg;0
/Users/PpD/Desktop/FinalDB/data/emotions/0neutral/neutral12.jpg;0
/Users/PpD/Desktop/FinalDB/data/emotions/0neutral/neutral120.jpg;0
/Users/PpD/Desktop/FinalDB/data/emotions/0neutral/neutral121.jpg;0
/Users/PpD/Desktop/FinalDB/data/emotions/0neutral/neutral122.jpg;0
/Users/PpD/Desktop/FinalDB/data/emotions/0neutral/neutral123.jpg;0
/Users/PpD/Desktop/FinalDB/data/emotions/0neutral/neutral124.jpg;0
/Users/PpD/Desktop/FinalDB/data/emotions/0neutral/neutral125.jpg;0
/Users/PpD/Desktop/FinalDB/data/emotions/0neutral/neutral126.jpg;0
/Users/PpD/Desktop/FinalDB/data/emotions/0neutral/neutral127.jpg;0
/Users/PpD/Desktop/FinalDB/data/emotions/0neutral/neutral128.jpg;0
/Users/PpD/Desktop/FinalDB/data/emotions/0neutral/neutral129.jpg;0
/Users/PpD/Desktop/FinalDB/data/emotions/0neutral/neutral13.jpg;0
/Users/PpD/Desktop/FinalDB/data/emotions/0neutral/neutral130.jpg;0
/Users/PpD/Desktop/FinalDB/data/emotions/0neutral/neutral131.jpg;0
/Users/PpD/Desktop/FinalDB/data/emotions/0neutral/neutral132.jpg;0
/Users/PpD/Desktop/FinalDB/data/emotions/0neutral/neutral133.jpg;0
/Users/PpD/Desktop/FinalDB/data/emotions/0neutral/neutral134.jpg;0
/Users/PpD/Desktop/FinalDB/data/emotions/0neutral/neutral135.jpg;0
/Users/PpD/Desktop/FinalDB/data/emotions/0neutral/neutral136.jpg;0
/Users/PpD/Desktop/FinalDB/data/emotions/0neutral/neutral137.jpg;0
/Users/PpD/Desktop/FinalDB/data/emotions/0neutral/neutral138.jpg;0
/Users/PpD/Desktop/FinalDB/data/emotions/0neutral/neutral139.jpg;0
/Users/PpD/Desktop/FinalDB/data/emotions/0neutral/neutral14.jpg;0
/Users/PpD/Desktop/FinalDB/data/emotions/0neutral/neutral140.jpg;0
/Users/PpD/Desktop/FinalDB/data/emotions/0neutral/neutral141.jpg;0
/Users/PpD/Desktop/FinalDB/data/emotions/0neutral/neutral142.jpg;0
/Users/PpD/Desktop/FinalDB/data/emotions/0neutral/neutral143.jpg;0
/Users/PpD/Desktop/FinalDB/data/emotions/0neutral/neutral144.jpg;0
/Users/PpD/Desktop/FinalDB/data/emotions/0neutral/neutral145.jpg;0
/Users/PpD/Desktop/FinalDB/data/emotions/0neutral/neutral146.jpg;0
/Users/PpD/Desktop/FinalDB/data/emotions/0neutral/neutral147.jpg;0
/Users/PpD/Desktop/FinalDB/data/emotions/0neutral/neutral148.jpg;0
/Users/PpD/Desktop/FinalDB/data/emotions/0neutral/neutral149.jpg;0
/Users/PpD/Desktop/FinalDB/data/emotions/0neutral/neutral15.jpg;0
/Users/PpD/Desktop/FinalDB/data/emotions/0neutral/neutral150.jpg;0
/Users/PpD/Desktop/FinalDB/data/emotions/0neutral/neutral151.jpg;0
/Users/PpD/Desktop/FinalDB/data/emotions/0neutral/neutral152.jpg;0
/Users/PpD/Desktop/FinalDB/data/emotions/0neutral/neutral153.jpg;0
/Users/PpD/Desktop/FinalDB/data/emotions/0neutral/neutral154.jpg;0
/Users/PpD/Desktop/FinalDB/data/emotions/0neutral/neutral155.jpg;0
/Users/PpD/Desktop/FinalDB/data/emotions/0neutral/neutral156.jpg;0
/Users/PpD/Desktop/FinalDB/data/emotions/0neutral/neutral157.jpg;0
/Users/PpD/Desktop/FinalDB/data/emotions/0neutral/neutral158.jpg;0
/Users/PpD/Desktop/FinalDB/data/emotions/0neutral/neutral159.jpg;0
/Users/PpD/Desktop/FinalDB/data/emotions/0neutral/neutral16.jpg;0
/Users/PpD/Desktop/FinalDB/data/emotions/0neutral/neutral160.jpg;0
/Users/PpD/Desktop/FinalDB/data/emotions/0neutral/neutral161.jpg;0
/Users/PpD/Desktop/FinalDB/data/emotions/0neutral/neutral162.jpg;0
/Users/PpD/Desktop/FinalDB/data/emotions/0neutral/neutral163.jpg;0
/Users/PpD/Desktop/FinalDB/data/emotions/0neutral/neutral164.jpg;0
/Users/PpD/Desktop/FinalDB/data/emotions/0neutral/neutral165.jpg;0
/Users/PpD/Desktop/FinalDB/data/emotions/0neutral/neutral166.jpg;0
/Users/PpD/Desktop/FinalDB/data/emotions/0neutral/neutral167.jpg;0
/Users/PpD/Desktop/FinalDB/data/emotions/0neutral/neutral168.jpg;0
/Users/PpD/Desktop/FinalDB/data/emotions/0neutral/neutral169.jpg;0
/Users/PpD/Desktop/FinalDB/data/emotions/0neutral/neutral17.jpg;0
/Users/PpD/Desktop/FinalDB/data/emotions/0neutral/neutral170.jpg;0
/Users/PpD/Desktop/FinalDB/data/emotions/0neutral/neutral171.jpg;0
/Users/PpD/Desktop/FinalDB/data/emotions/0neutral/neutral172.jpg;0
/Users/PpD/Desktop/FinalDB/data/emotions/0neutral/neutral173.jpg;0
/Users/PpD/Desktop/FinalDB/data/emotions/0neutral/neutral174.jpg;0
/Users/PpD/Desktop/FinalDB/data/emotions/0neutral/neutral175.jpg;0
/Users/PpD/Desktop/FinalDB/data/emotions/0neutral/neutral176.jpg;0
/Users/PpD/Desktop/FinalDB/data/emotions/0neutral/neutral177.jpg;0
/Users/PpD/Desktop/FinalDB/data/emotions/0neutral/neutral178.jpg;0
/Users/PpD/Desktop/FinalDB/data/emotions/0neutral/neutral179.jpg;0
/Users/PpD/Desktop/FinalDB/data/emotions/0neutral/neutral18.jpg;0
/Users/PpD/Desktop/FinalDB/data/emotions/0neutral/neutral180.jpg;0
/Users/PpD/Desktop/FinalDB/data/emotions/0neutral/neutral181.jpg;0
/Users/PpD/Desktop/FinalDB/data/emotions/0neutral/neutral182.jpg;0
/Users/PpD/Desktop/FinalDB/data/emotions/0neutral/neutral183.jpg;0
/Users/PpD/Desktop/FinalDB/data/emotions/0neutral/neutral184.jpg;0
/Users/PpD/Desktop/FinalDB/data/emotions/0neutral/neutral185.jpg;0
/Users/PpD/Desktop/FinalDB/data/emotions/0neutral/neutral186.jpg;0
/Users/PpD/Desktop/FinalDB/data/emotions/0neutral/neutral187.jpg;0
/Users/PpD/Desktop/FinalDB/data/emotions/0neutral/neutral188.jpg;0
/Users/PpD/Desktop/FinalDB/data/emotions/0neutral/neutral189.jpg;0
/Users/PpD/Desktop/FinalDB/data/emotions/0neutral/neutral19.jpg;0
/Users/PpD/Desktop/FinalDB/data/emotions/0neutral/neutral190.jpg;0
/Users/PpD/Desktop/FinalDB/data/emotions/0neutral/neutral191.jpg;0
/Users/PpD/Desktop/FinalDB/data/emotions/0neutral/neutral192.jpg;0
/Users/PpD/Desktop/FinalDB/data/emotions/0neutral/neutral193.jpg;0
/Users/PpD/Desktop/FinalDB/data/emotions/0neutral/neutral194.jpg;0
/Users/PpD/Desktop/FinalDB/data/emotions/0neutral/neutral195.jpg;0
/Users/PpD/Desktop/FinalDB/data/emotions/0neutral/neutral196.jpg;0
/Users/PpD/Desktop/FinalDB/data/emotions/0neutral/neutral197.jpg;0
/Users/PpD/Desktop/FinalDB/data/emotions/0neutral/neutral198.jpg;0
/Users/PpD/Desktop/FinalDB/data/emotions/0neutral/neutral199.jpg;0
/Users/PpD/Desktop/FinalDB/data/emotions/0neutral/neutral2.jpg;0
/Users/PpD/Desktop/FinalDB/data/emotions/0neutral/neutral20.jpg;0
/Users/PpD/Desktop/FinalDB/data/emotions/0neutral/neutral200.jpg;0
/Users/PpD/Desktop/FinalDB/data/emotions/0neutral/neutral201.jpg;0
/Users/PpD/Desktop/FinalDB/data/emotions/0neutral/neutral202.jpg;0
/Users/PpD/Desktop/FinalDB/data/emotions/0neutral/neutral203.jpg;0
/Users/PpD/Desktop/FinalDB/data/emotions/0neutral/neutral204.jpg;0
/Users/PpD/Desktop/FinalDB/data/emotions/0neutral/neutral205.jpg;0
/Users/PpD/Desktop/FinalDB/data/emotions/0neutral/neutral206.jpg;0
/Users/PpD/Desktop/FinalDB/data/emotions/0neutral/neutral207.jpg;0
/Users/PpD/Desktop/FinalDB/data/emotions/0neutral/neutral208.jpg;0
/Users/PpD/Desktop/FinalDB/data/emotions/0neutral/neutral209.jpg;0
/Users/PpD/Desktop/FinalDB/data/emotions/0neutral/neutral21.jpg;0
/Users/PpD/Desktop/FinalDB/data/emotions/0neutral/neutral210.jpg;0
/Users/PpD/Desktop/FinalDB/data/emotions/0neutral/neutral211.jpg;0
/Users/PpD/Desktop/FinalDB/data/emotions/0neutral/neutral212.jpg;0
/Users/PpD/Desktop/FinalDB/data/emotions/0neutral/neutral213.jpg;0
/Users/PpD/Desktop/FinalDB/data/emotions/0neutral/neutral214.jpg;0
/Users/PpD/Desktop/FinalDB/data/emotions/0neutral/neutral215.jpg;0
/Users/PpD/Desktop/FinalDB/data/emotions/0neutral/neutral216.jpg;0
/Users/PpD/Desktop/FinalDB/data/emotions/0neutral/neutral217.jpg;0
/Users/PpD/Desktop/FinalDB/data/emotions/0neutral/neutral218.jpg;0
/Users/PpD/Desktop/FinalDB/data/emotions/0neutral/neutral219.jpg;0
/Users/PpD/Desktop/FinalDB/data/emotions/0neutral/neutral22.jpg;0
/Users/PpD/Desktop/FinalDB/data/emotions/0neutral/neutral220.jpg;0
/Users/PpD/Desktop/FinalDB/data/emotions/0neutral/neutral23.jpg;0
/Users/PpD/Desktop/FinalDB/data/emotions/0neutral/neutral24.jpg;0
/Users/PpD/Desktop/FinalDB/data/emotions/0neutral/neutral25.jpg;0
/Users/PpD/Desktop/FinalDB/data/emotions/0neutral/neutral26.jpg;0
/Users/PpD/Desktop/FinalDB/data/emotions/0neutral/neutral27.jpg;0
/Users/PpD/Desktop/FinalDB/data/emotions/0neutral/neutral28.jpg;0
/Users/PpD/Desktop/FinalDB/data/emotions/0neutral/neutral29.jpg;0
/Users/PpD/Desktop/FinalDB/data/emotions/0neutral/neutral3.jpg;0
/Users/PpD/Desktop/FinalDB/data/emotions/0neutral/neutral30.jpg;0
/Users/PpD/Desktop/FinalDB/data/emotions/0neutral/neutral31.jpg;0
/Users/PpD/Desktop/FinalDB/data/emotions/0neutral/neutral32.jpg;0
/Users/PpD/Desktop/FinalDB/data/emotions/0neutral/neutral33.jpg;0
/Users/PpD/Desktop/FinalDB/data/emotions/0neutral/neutral34.jpg;0
/Users/PpD/Desktop/FinalDB/data/emotions/0neutral/neutral35.jpg;0
/Users/PpD/Desktop/FinalDB/data/emotions/0neutral/neutral36.jpg;0
/Users/PpD/Desktop/FinalDB/data/emotions/0neutral/neutral37.jpg;0
/Users/PpD/Desktop/FinalDB/data/emotions/0neutral/neutral38.jpg;0
/Users/PpD/Desktop/FinalDB/data/emotions/0neutral/neutral39.jpg;0
/Users/PpD/Desktop/FinalDB/data/emotions/0neutral/neutral4.jpg;0
/Users/PpD/Desktop/FinalDB/data/emotions/0neutral/neutral40.jpg;0
/Users/PpD/Desktop/FinalDB/data/emotions/0neutral/neutral41.jpg;0
/Users/PpD/Desktop/FinalDB/data/emotions/0neutral/neutral42.jpg;0
/Users/PpD/Desktop/FinalDB/data/emotions/0neutral/neutral43.jpg;0
/Users/PpD/Desktop/FinalDB/data/emotions/0neutral/neutral44.jpg;0
/Users/PpD/Desktop/FinalDB/data/emotions/0neutral/neutral45.jpg;0
/Users/PpD/Desktop/FinalDB/data/emotions/0neutral/neutral46.jpg;0
/Users/PpD/Desktop/FinalDB/data/emotions/0neutral/neutral47.jpg;0
/Users/PpD/Desktop/FinalDB/data/emotions/0neutral/neutral48.jpg;0
/Users/PpD/Desktop/FinalDB/data/emotions/0neutral/neutral49.jpg;0
/Users/PpD/Desktop/FinalDB/data/emotions/0neutral/neutral5.jpg;0
/Users/PpD/Desktop/FinalDB/data/emotions/0neutral/neutral50.jpg;0
/Users/PpD/Desktop/FinalDB/data/emotions/0neutral/neutral51.jpg;0
/Users/PpD/Desktop/FinalDB/data/emotions/0neutral/neutral52.jpg;0
/Users/PpD/Desktop/FinalDB/data/emotions/0neutral/neutral53.jpg;0
/Users/PpD/Desktop/FinalDB/data/emotions/0neutral/neutral54.jpg;0
/Users/PpD/Desktop/FinalDB/data/emotions/0neutral/neutral55.jpg;0
/Users/PpD/Desktop/FinalDB/data/emotions/0neutral/neutral56.jpg;0
/Users/PpD/Desktop/FinalDB/data/emotions/0neutral/neutral57.jpg;0
/Users/PpD/Desktop/FinalDB/data/emotions/0neutral/neutral58.jpg;0
/Users/PpD/Desktop/FinalDB/data/emotions/0neutral/neutral59.jpg;0
/Users/PpD/Desktop/FinalDB/data/emotions/0neutral/neutral6.jpg;0
/Users/PpD/Desktop/FinalDB/data/emotions/0neutral/neutral60.jpg;0
/Users/PpD/Desktop/FinalDB/data/emotions/0neutral/neutral61.jpg;0
/Users/PpD/Desktop/FinalDB/data/emotions/0neutral/neutral62.jpg;0
/Users/PpD/Desktop/FinalDB/data/emotions/0neutral/neutral63.jpg;0
/Users/PpD/Desktop/FinalDB/data/emotions/0neutral/neutral64.jpg;0
/Users/PpD/Desktop/FinalDB/data/emotions/0neutral/neutral65.jpg;0
/Users/PpD/Desktop/FinalDB/data/emotions/0neutral/neutral66.jpg;0
/Users/PpD/Desktop/FinalDB/data/emotions/0neutral/neutral67.jpg;0
/Users/PpD/Desktop/FinalDB/data/emotions/0neutral/neutral68.jpg;0
/Users/PpD/Desktop/FinalDB/data/emotions/0neutral/neutral69.jpg;0
/Users/PpD/Desktop/FinalDB/data/emotions/0neutral/neutral7.jpg;0
/Users/PpD/Desktop/FinalDB/data/emotions/0neutral/neutral70.jpg;0
/Users/PpD/Desktop/FinalDB/data/emotions/0neutral/neutral71.jpg;0
/Users/PpD/Desktop/FinalDB/data/emotions/0neutral/neutral72.jpg;0
/Users/PpD/Desktop/FinalDB/data/emotions/0neutral/neutral73.jpg;0
/Users/PpD/Desktop/FinalDB/data/emotions/0neutral/neutral74.jpg;0
/Users/PpD/Desktop/FinalDB/data/emotions/0neutral/neutral75.jpg;0
/Users/PpD/Desktop/FinalDB/data/emotions/0neutral/neutral76.jpg;0
/Users/PpD/Desktop/FinalDB/data/emotions/0neutral/neutral77.jpg;0
/Users/PpD/Desktop/FinalDB/data/emotions/0neutral/neutral78.jpg;0
/Users/PpD/Desktop/FinalDB/data/emotions/0neutral/neutral79.jpg;0
/Users/PpD/Desktop/FinalDB/data/emotions/0neutral/neutral8.jpg;0
/Users/PpD/Desktop/FinalDB/data/emotions/0neutral/neutral80.jpg;0
/Users/PpD/Desktop/FinalDB/data/emotions/0neutral/neutral81.jpg;0
/Users/PpD/Desktop/FinalDB/data/emotions/0neutral/neutral82.jpg;0
/Users/PpD/Desktop/FinalDB/data/emotions/0neutral/neutral83.jpg;0
/Users/PpD/Desktop/FinalDB/data/emotions/0neutral/neutral84.jpg;0
/Users/PpD/Desktop/FinalDB/data/emotions/0neutral/neutral85.jpg;0
/Users/PpD/Desktop/FinalDB/data/emotions/0neutral/neutral86.jpg;0
/Users/PpD/Desktop/FinalDB/data/emotions/0neutral/neutral87.jpg;0
/Users/PpD/Desktop/FinalDB/data/emotions/0neutral/neutral88.jpg;0
/Users/PpD/Desktop/FinalDB/data/emotions/0neutral/neutral89.jpg;0
/Users/PpD/Desktop/FinalDB/data/emotions/0neutral/neutral9.jpg;0
/Users/PpD/Desktop/FinalDB/data/emotions/0neutral/neutral90.jpg;0
/Users/PpD/Desktop/FinalDB/data/emotions/0neutral/neutral91.jpg;0
/Users/PpD/Desktop/FinalDB/data/emotions/0neutral/neutral92.jpg;0
/Users/PpD/Desktop/FinalDB/data/emotions/0neutral/neutral93.jpg;0
/Users/PpD/Desktop/FinalDB/data/emotions/0neutral/neutral94.jpg;0
/Users/PpD/Desktop/FinalDB/data/emotions/0neutral/neutral95.jpg;0
/Users/PpD/Desktop/FinalDB/data/emotions/0neutral/neutral96.jpg;0
/Users/PpD/Desktop/FinalDB/data/emotions/0neutral/neutral97.jpg;0
/Users/PpD/Desktop/FinalDB/data/emotions/0neutral/neutral98.jpg;0
/Users/PpD/Desktop/FinalDB/data/emotions/0neutral/neutral99.jpg;0
/Users/PpD/Desktop/FinalDB/data/emotions/1happy/happy1.jpg;1
/Users/PpD/Desktop/FinalDB/data/emotions/1happy/happy10.jpg;1
/Users/PpD/Desktop/FinalDB/data/emotions/1happy/happy100.jpg;1
/Users/PpD/Desktop/FinalDB/data/emotions/1happy/happy101.jpg;1
/Users/PpD/Desktop/FinalDB/data/emotions/1happy/happy102.jpg;1
/Users/PpD/Desktop/FinalDB/data/emotions/1happy/happy103.jpg;1
/Users/PpD/Desktop/FinalDB/data/emotions/1happy/happy104.jpg;1
/Users/PpD/Desktop/FinalDB/data/emotions/1happy/happy105.jpg;1
/Users/PpD/Desktop/FinalDB/data/emotions/1happy/happy106.jpg;1
/Users/PpD/Desktop/FinalDB/data/emotions/1happy/happy107.jpg;1
/Users/PpD/Desktop/FinalDB/data/emotions/1happy/happy108.jpg;1
/Users/PpD/Desktop/FinalDB/data/emotions/1happy/happy109.jpg;1
/Users/PpD/Desktop/FinalDB/data/emotions/1happy/happy11.jpg;1
/Users/PpD/Desktop/FinalDB/data/emotions/1happy/happy110.jpg;1
/Users/PpD/Desktop/FinalDB/data/emotions/1happy/happy111.jpg;1
/Users/PpD/Desktop/FinalDB/data/emotions/1happy/happy112.jpg;1
/Users/PpD/Desktop/FinalDB/data/emotions/1happy/happy113.jpg;1
/Users/PpD/Desktop/FinalDB/data/emotions/1happy/happy114.jpg;1
/Users/PpD/Desktop/FinalDB/data/emotions/1happy/happy115.jpg;1
/Users/PpD/Desktop/FinalDB/data/emotions/1happy/happy116.jpg;1
/Users/PpD/Desktop/FinalDB/data/emotions/1happy/happy117.jpg;1
/Users/PpD/Desktop/FinalDB/data/emotions/1happy/happy118.jpg;1
/Users/PpD/Desktop/FinalDB/data/emotions/1happy/happy119.jpg;1
/Users/PpD/Desktop/FinalDB/data/emotions/1happy/happy12.jpg;1
/Users/PpD/Desktop/FinalDB/data/emotions/1happy/happy120.jpg;1
/Users/PpD/Desktop/FinalDB/data/emotions/1happy/happy121.jpg;1
/Users/PpD/Desktop/FinalDB/data/emotions/1happy/happy122.jpg;1
/Users/PpD/Desktop/FinalDB/data/emotions/1happy/happy123.jpg;1
/Users/PpD/Desktop/FinalDB/data/emotions/1happy/happy124.jpg;1
/Users/PpD/Desktop/FinalDB/data/emotions/1happy/happy125.jpg;1
/Users/PpD/Desktop/FinalDB/data/emotions/1happy/happy126.jpg;1
/Users/PpD/Desktop/FinalDB/data/emotions/1happy/happy127.jpg;1
/Users/PpD/Desktop/FinalDB/data/emotions/1happy/happy128.jpg;1
/Users/PpD/Desktop/FinalDB/data/emotions/1happy/happy129.jpg;1
/Users/PpD/Desktop/FinalDB/data/emotions/1happy/happy13.jpg;1
/Users/PpD/Desktop/FinalDB/data/emotions/1happy/happy130.jpg;1
/Users/PpD/Desktop/FinalDB/data/emotions/1happy/happy131.jpg;1
/Users/PpD/Desktop/FinalDB/data/emotions/1happy/happy132.jpg;1
/Users/PpD/Desktop/FinalDB/data/emotions/1happy/happy133.jpg;1
/Users/PpD/Desktop/FinalDB/data/emotions/1happy/happy134.jpg;1
/Users/PpD/Desktop/FinalDB/data/emotions/1happy/happy135.jpg;1
/Users/PpD/Desktop/FinalDB/data/emotions/1happy/happy136.jpg;1
/Users/PpD/Desktop/FinalDB/data/emotions/1happy/happy137.jpg;1
/Users/PpD/Desktop/FinalDB/data/emotions/1happy/happy138.jpg;1
/Users/PpD/Desktop/FinalDB/data/emotions/1happy/happy139.jpg;1
/Users/PpD/Desktop/FinalDB/data/emotions/1happy/happy14.jpg;1
/Users/PpD/Desktop/FinalDB/data/emotions/1happy/happy140.jpg;1
/Users/PpD/Desktop/FinalDB/data/emotions/1happy/happy141.jpg;1
/Users/PpD/Desktop/FinalDB/data/emotions/1happy/happy142.jpg;1
/Users/PpD/Desktop/FinalDB/data/emotions/1happy/happy143.jpg;1
/Users/PpD/Desktop/FinalDB/data/emotions/1happy/happy144.jpg;1
/Users/PpD/Desktop/FinalDB/data/emotions/1happy/happy145.jpg;1
/Users/PpD/Desktop/FinalDB/data/emotions/1happy/happy146.jpg;1
/Users/PpD/Desktop/FinalDB/data/emotions/1happy/happy147.jpg;1
/Users/PpD/Desktop/FinalDB/data/emotions/1happy/happy148.jpg;1
/Users/PpD/Desktop/FinalDB/data/emotions/1happy/happy149.jpg;1
/Users/PpD/Desktop/FinalDB/data/emotions/1happy/happy15.jpg;1
/Users/PpD/Desktop/FinalDB/data/emotions/1happy/happy150.jpg;1
/Users/PpD/Desktop/FinalDB/data/emotions/1happy/happy151.jpg;1
/Users/PpD/Desktop/FinalDB/data/emotions/1happy/happy152.jpg;1
/Users/PpD/Desktop/FinalDB/data/emotions/1happy/happy153.jpg;1
/Users/PpD/Desktop/FinalDB/data/emotions/1happy/happy154.jpg;1
/Users/PpD/Desktop/FinalDB/data/emotions/1happy/happy155.jpg;1
/Users/PpD/Desktop/FinalDB/data/emotions/1happy/happy156.jpg;1
/Users/PpD/Desktop/FinalDB/data/emotions/1happy/happy157.jpg;1
/Users/PpD/Desktop/FinalDB/data/emotions/1happy/happy158.jpg;1
/Users/PpD/Desktop/FinalDB/data/emotions/1happy/happy159.jpg;1
/Users/PpD/Desktop/FinalDB/data/emotions/1happy/happy16.jpg;1
/Users/PpD/Desktop/FinalDB/data/emotions/1happy/happy160.jpg;1
/Users/PpD/Desktop/FinalDB/data/emotions/1happy/happy161.jpg;1
/Users/PpD/Desktop/FinalDB/data/emotions/1happy/happy162.jpg;1
/Users/PpD/Desktop/FinalDB/data/emotions/1happy/happy163.jpg;1
/Users/PpD/Desktop/FinalDB/data/emotions/1happy/happy164.jpg;1
/Users/PpD/Desktop/FinalDB/data/emotions/1happy/happy165.jpg;1
/Users/PpD/Desktop/FinalDB/data/emotions/1happy/happy166.jpg;1
/Users/PpD/Desktop/FinalDB/data/emotions/1happy/happy167.jpg;1
/Users/PpD/Desktop/FinalDB/data/emotions/1happy/happy168.jpg;1
/Users/PpD/Desktop/FinalDB/data/emotions/1happy/happy169.jpg;1
/Users/PpD/Desktop/FinalDB/data/emotions/1happy/happy17.jpg;1
/Users/PpD/Desktop/FinalDB/data/emotions/1happy/happy170.jpg;1
/Users/PpD/Desktop/FinalDB/data/emotions/1happy/happy171.jpg;1
/Users/PpD/Desktop/FinalDB/data/emotions/1happy/happy172.jpg;1
/Users/PpD/Desktop/FinalDB/data/emotions/1happy/happy173.jpg;1
/Users/PpD/Desktop/FinalDB/data/emotions/1happy/happy174.jpg;1
/Users/PpD/Desktop/FinalDB/data/emotions/1happy/happy175.jpg;1
/Users/PpD/Desktop/FinalDB/data/emotions/1happy/happy176.jpg;1
/Users/PpD/Desktop/FinalDB/data/emotions/1happy/happy177.jpg;1
/Users/PpD/Desktop/FinalDB/data/emotions/1happy/happy178.jpg;1
/Users/PpD/Desktop/FinalDB/data/emotions/1happy/happy179.jpg;1
/Users/PpD/Desktop/FinalDB/data/emotions/1happy/happy18.jpg;1
/Users/PpD/Desktop/FinalDB/data/emotions/1happy/happy180.jpg;1
/Users/PpD/Desktop/FinalDB/data/emotions/1happy/happy181.jpg;1
/Users/PpD/Desktop/FinalDB/data/emotions/1happy/happy182.jpg;1
/Users/PpD/Desktop/FinalDB/data/emotions/1happy/happy19.jpg;1
/Users/PpD/Desktop/FinalDB/data/emotions/1happy/happy2.jpg;1
/Users/PpD/Desktop/FinalDB/data/emotions/1happy/happy20.jpg;1
/Users/PpD/Desktop/FinalDB/data/emotions/1happy/happy21.jpg;1
/Users/PpD/Desktop/FinalDB/data/emotions/1happy/happy22.jpg;1
/Users/PpD/Desktop/FinalDB/data/emotions/1happy/happy23.jpg;1
/Users/PpD/Desktop/FinalDB/data/emotions/1happy/happy24.jpg;1
/Users/PpD/Desktop/FinalDB/data/emotions/1happy/happy25.jpg;1
/Users/PpD/Desktop/FinalDB/data/emotions/1happy/happy26.jpg;1
/Users/PpD/Desktop/FinalDB/data/emotions/1happy/happy27.jpg;1
/Users/PpD/Desktop/FinalDB/data/emotions/1happy/happy28.jpg;1
/Users/PpD/Desktop/FinalDB/data/emotions/1happy/happy29.jpg;1
/Users/PpD/Desktop/FinalDB/data/emotions/1happy/happy3.jpg;1
/Users/PpD/Desktop/FinalDB/data/emotions/1happy/happy30.jpg;1
/Users/PpD/Desktop/FinalDB/data/emotions/1happy/happy31.jpg;1
/Users/PpD/Desktop/FinalDB/data/emotions/1happy/happy32.jpg;1
/Users/PpD/Desktop/FinalDB/data/emotions/1happy/happy33.jpg;1
/Users/PpD/Desktop/FinalDB/data/emotions/1happy/happy34.jpg;1
/Users/PpD/Desktop/FinalDB/data/emotions/1happy/happy35.jpg;1
/Users/PpD/Desktop/FinalDB/data/emotions/1happy/happy36.jpg;1
/Users/PpD/Desktop/FinalDB/data/emotions/1happy/happy37.jpg;1
/Users/PpD/Desktop/FinalDB/data/emotions/1happy/happy38.jpg;1
/Users/PpD/Desktop/FinalDB/data/emotions/1happy/happy39.jpg;1
/Users/PpD/Desktop/FinalDB/data/emotions/1happy/happy4.jpg;1
/Users/PpD/Desktop/FinalDB/data/emotions/1happy/happy40.jpg;1
/Users/PpD/Desktop/FinalDB/data/emotions/1happy/happy41.jpg;1
/Users/PpD/Desktop/FinalDB/data/emotions/1happy/happy42.jpg;1
/Users/PpD/Desktop/FinalDB/data/emotions/1happy/happy43.jpg;1
/Users/PpD/Desktop/FinalDB/data/emotions/1happy/happy44.jpg;1
/Users/PpD/Desktop/FinalDB/data/emotions/1happy/happy45.jpg;1
/Users/PpD/Desktop/FinalDB/data/emotions/1happy/happy46.jpg;1
/Users/PpD/Desktop/FinalDB/data/emotions/1happy/happy47.jpg;1
/Users/PpD/Desktop/FinalDB/data/emotions/1happy/happy48.jpg;1
/Users/PpD/Desktop/FinalDB/data/emotions/1happy/happy49.jpg;1
/Users/PpD/Desktop/FinalDB/data/emotions/1happy/happy5.jpg;1
/Users/PpD/Desktop/FinalDB/data/emotions/1happy/happy50.jpg;1
/Users/PpD/Desktop/FinalDB/data/emotions/1happy/happy51.jpg;1
/Users/PpD/Desktop/FinalDB/data/emotions/1happy/happy52.jpg;1
/Users/PpD/Desktop/FinalDB/data/emotions/1happy/happy53.jpg;1
/Users/PpD/Desktop/FinalDB/data/emotions/1happy/happy54.jpg;1
/Users/PpD/Desktop/FinalDB/data/emotions/1happy/happy55.jpg;1
/Users/PpD/Desktop/FinalDB/data/emotions/1happy/happy56.jpg;1
/Users/PpD/Desktop/FinalDB/data/emotions/1happy/happy57.jpg;1
/Users/PpD/Desktop/FinalDB/data/emotions/1happy/happy58.jpg;1
/Users/PpD/Desktop/FinalDB/data/emotions/1happy/happy59.jpg;1
/Users/PpD/Desktop/FinalDB/data/emotions/1happy/happy6.jpg;1
/Users/PpD/Desktop/FinalDB/data/emotions/1happy/happy60.jpg;1
/Users/PpD/Desktop/FinalDB/data/emotions/1happy/happy61.jpg;1
/Users/PpD/Desktop/FinalDB/data/emotions/1happy/happy62.jpg;1
/Users/PpD/Desktop/FinalDB/data/emotions/1happy/happy63.jpg;1
/Users/PpD/Desktop/FinalDB/data/emotions/1happy/happy64.jpg;1
/Users/PpD/Desktop/FinalDB/data/emotions/1happy/happy65.jpg;1
/Users/PpD/Desktop/FinalDB/data/emotions/1happy/happy66.jpg;1
/Users/PpD/Desktop/FinalDB/data/emotions/1happy/happy67.jpg;1
/Users/PpD/Desktop/FinalDB/data/emotions/1happy/happy68.jpg;1
/Users/PpD/Desktop/FinalDB/data/emotions/1happy/happy69.jpg;1
/Users/PpD/Desktop/FinalDB/data/emotions/1happy/happy7.jpg;1
/Users/PpD/Desktop/FinalDB/data/emotions/1happy/happy70.jpg;1
/Users/PpD/Desktop/FinalDB/data/emotions/1happy/happy71.jpg;1
/Users/PpD/Desktop/FinalDB/data/emotions/1happy/happy72.jpg;1
/Users/PpD/Desktop/FinalDB/data/emotions/1happy/happy73.jpg;1
/Users/PpD/Desktop/FinalDB/data/emotions/1happy/happy74.jpg;1
/Users/PpD/Desktop/FinalDB/data/emotions/1happy/happy75.jpg;1
/Users/PpD/Desktop/FinalDB/data/emotions/1happy/happy76.jpg;1
/Users/PpD/Desktop/FinalDB/data/emotions/1happy/happy77.jpg;1
/Users/PpD/Desktop/FinalDB/data/emotions/1happy/happy78.jpg;1
/Users/PpD/Desktop/FinalDB/data/emotions/1happy/happy79.jpg;1
/Users/PpD/Desktop/FinalDB/data/emotions/1happy/happy8.jpg;1
/Users/PpD/Desktop/FinalDB/data/emotions/1happy/happy80.jpg;1
/Users/PpD/Desktop/FinalDB/data/emotions/1happy/happy81.jpg;1
/Users/PpD/Desktop/FinalDB/data/emotions/1happy/happy82.jpg;1
/Users/PpD/Desktop/FinalDB/data/emotions/1happy/happy83.jpg;1
/Users/PpD/Desktop/FinalDB/data/emotions/1happy/happy84.jpg;1
/Users/PpD/Desktop/FinalDB/data/emotions/1happy/happy85.jpg;1
/Users/PpD/Desktop/FinalDB/data/emotions/1happy/happy86.jpg;1
/Users/PpD/Desktop/FinalDB/data/emotions/1happy/happy87.jpg;1
/Users/PpD/Desktop/FinalDB/data/emotions/1happy/happy88.jpg;1
/Users/PpD/Desktop/FinalDB/data/emotions/1happy/happy89.jpg;1
/Users/PpD/Desktop/FinalDB/data/emotions/1happy/happy9.jpg;1
/Users/PpD/Desktop/FinalDB/data/emotions/1happy/happy90.jpg;1
/Users/PpD/Desktop/FinalDB/data/emotions/1happy/happy91.jpg;1
/Users/PpD/Desktop/FinalDB/data/emotions/1happy/happy92.jpg;1
/Users/PpD/Desktop/FinalDB/data/emotions/1happy/happy93.jpg;1
/Users/PpD/Desktop/FinalDB/data/emotions/1happy/happy94.jpg;1
/Users/PpD/Desktop/FinalDB/data/emotions/1happy/happy95.jpg;1
/Users/PpD/Desktop/FinalDB/data/emotions/1happy/happy96.jpg;1
/Users/PpD/Desktop/FinalDB/data/emotions/1happy/happy97.jpg;1
/Users/PpD/Desktop/FinalDB/data/emotions/1happy/happy98.jpg;1
/Users/PpD/Desktop/FinalDB/data/emotions/1happy/happy99.jpg;1
/Users/PpD/Desktop/FinalDB/data/emotions/2surprise/surprise1.jpg;2
/Users/PpD/Desktop/FinalDB/data/emotions/2surprise/surprise10.jpg;2
/Users/PpD/Desktop/FinalDB/data/emotions/2surprise/surprise100.jpg;2
/Users/PpD/Desktop/FinalDB/data/emotions/2surprise/surprise101.jpg;2
/Users/PpD/Desktop/FinalDB/data/emotions/2surprise/surprise102.jpg;2
/Users/PpD/Desktop/FinalDB/data/emotions/2surprise/surprise103.jpg;2
/Users/PpD/Desktop/FinalDB/data/emotions/2surprise/surprise104.jpg;2
/Users/PpD/Desktop/FinalDB/data/emotions/2surprise/surprise105.jpg;2
/Users/PpD/Desktop/FinalDB/data/emotions/2surprise/surprise106.jpg;2
/Users/PpD/Desktop/FinalDB/data/emotions/2surprise/surprise107.jpg;2
/Users/PpD/Desktop/FinalDB/data/emotions/2surprise/surprise108.jpg;2
/Users/PpD/Desktop/FinalDB/data/emotions/2surprise/surprise109.jpg;2
/Users/PpD/Desktop/FinalDB/data/emotions/2surprise/surprise11.jpg;2
/Users/PpD/Desktop/FinalDB/data/emotions/2surprise/surprise110.jpg;2
/Users/PpD/Desktop/FinalDB/data/emotions/2surprise/surprise111.jpg;2
/Users/PpD/Desktop/FinalDB/data/emotions/2surprise/surprise112.jpg;2
/Users/PpD/Desktop/FinalDB/data/emotions/2surprise/surprise113.jpg;2
/Users/PpD/Desktop/FinalDB/data/emotions/2surprise/surprise114.jpg;2
/Users/PpD/Desktop/FinalDB/data/emotions/2surprise/surprise115.jpg;2
/Users/PpD/Desktop/FinalDB/data/emotions/2surprise/surprise116.jpg;2
/Users/PpD/Desktop/FinalDB/data/emotions/2surprise/surprise117.jpg;2
/Users/PpD/Desktop/FinalDB/data/emotions/2surprise/surprise118.jpg;2
/Users/PpD/Desktop/FinalDB/data/emotions/2surprise/surprise119.jpg;2
/Users/PpD/Desktop/FinalDB/data/emotions/2surprise/surprise12.jpg;2
/Users/PpD/Desktop/FinalDB/data/emotions/2surprise/surprise120.jpg;2
/Users/PpD/Desktop/FinalDB/data/emotions/2surprise/surprise121.jpg;2
/Users/PpD/Desktop/FinalDB/data/emotions/2surprise/surprise122.jpg;2
/Users/PpD/Desktop/FinalDB/data/emotions/2surprise/surprise123.jpg;2
/Users/PpD/Desktop/FinalDB/data/emotions/2surprise/surprise124.jpg;2
/Users/PpD/Desktop/FinalDB/data/emotions/2surprise/surprise125.jpg;2
/Users/PpD/Desktop/FinalDB/data/emotions/2surprise/surprise126.jpg;2
/Users/PpD/Desktop/FinalDB/data/emotions/2surprise/surprise127.jpg;2
/Users/PpD/Desktop/FinalDB/data/emotions/2surprise/surprise128.jpg;2
/Users/PpD/Desktop/FinalDB/data/emotions/2surprise/surprise129.jpg;2
/Users/PpD/Desktop/FinalDB/data/emotions/2surprise/surprise13.jpg;2
/Users/PpD/Desktop/FinalDB/data/emotions/2surprise/surprise130.jpg;2
/Users/PpD/Desktop/FinalDB/data/emotions/2surprise/surprise131.jpg;2
/Users/PpD/Desktop/FinalDB/data/emotions/2surprise/surprise132.jpg;2
/Users/PpD/Desktop/FinalDB/data/emotions/2surprise/surprise133.jpg;2
/Users/PpD/Desktop/FinalDB/data/emotions/2surprise/surprise134.jpg;2
/Users/PpD/Desktop/FinalDB/data/emotions/2surprise/surprise135.jpg;2
/Users/PpD/Desktop/FinalDB/data/emotions/2surprise/surprise136.jpg;2
/Users/PpD/Desktop/FinalDB/data/emotions/2surprise/surprise137.jpg;2
/Users/PpD/Desktop/FinalDB/data/emotions/2surprise/surprise138.jpg;2
/Users/PpD/Desktop/FinalDB/data/emotions/2surprise/surprise139.jpg;2
/Users/PpD/Desktop/FinalDB/data/emotions/2surprise/surprise14.jpg;2
/Users/PpD/Desktop/FinalDB/data/emotions/2surprise/surprise140.jpg;2
/Users/PpD/Desktop/FinalDB/data/emotions/2surprise/surprise141.jpg;2
/Users/PpD/Desktop/FinalDB/data/emotions/2surprise/surprise142.jpg;2
/Users/PpD/Desktop/FinalDB/data/emotions/2surprise/surprise143.jpg;2
/Users/PpD/Desktop/FinalDB/data/emotions/2surprise/surprise144.jpg;2
/Users/PpD/Desktop/FinalDB/data/emotions/2surprise/surprise145.jpg;2
/Users/PpD/Desktop/FinalDB/data/emotions/2surprise/surprise146.jpg;2
/Users/PpD/Desktop/FinalDB/data/emotions/2surprise/surprise147.jpg;2
/Users/PpD/Desktop/FinalDB/data/emotions/2surprise/surprise148.jpg;2
/Users/PpD/Desktop/FinalDB/data/emotions/2surprise/surprise149.jpg;2
/Users/PpD/Desktop/FinalDB/data/emotions/2surprise/surprise15.jpg;2
/Users/PpD/Desktop/FinalDB/data/emotions/2surprise/surprise150.jpg;2
/Users/PpD/Desktop/FinalDB/data/emotions/2surprise/surprise151.jpg;2
/Users/PpD/Desktop/FinalDB/data/emotions/2surprise/surprise152.jpg;2
/Users/PpD/Desktop/FinalDB/data/emotions/2surprise/surprise153.jpg;2
/Users/PpD/Desktop/FinalDB/data/emotions/2surprise/surprise154.jpg;2
/Users/PpD/Desktop/FinalDB/data/emotions/2surprise/surprise155.jpg;2
/Users/PpD/Desktop/FinalDB/data/emotions/2surprise/surprise156.jpg;2
/Users/PpD/Desktop/FinalDB/data/emotions/2surprise/surprise157.jpg;2
/Users/PpD/Desktop/FinalDB/data/emotions/2surprise/surprise158.jpg;2
/Users/PpD/Desktop/FinalDB/data/emotions/2surprise/surprise159.jpg;2
/Users/PpD/Desktop/FinalDB/data/emotions/2surprise/surprise16.jpg;2
/Users/PpD/Desktop/FinalDB/data/emotions/2surprise/surprise160.jpg;2
/Users/PpD/Desktop/FinalDB/data/emotions/2surprise/surprise161.jpg;2
/Users/PpD/Desktop/FinalDB/data/emotions/2surprise/surprise162.jpg;2
/Users/PpD/Desktop/FinalDB/data/emotions/2surprise/surprise163.jpg;2
/Users/PpD/Desktop/FinalDB/data/emotions/2surprise/surprise164.jpg;2
/Users/PpD/Desktop/FinalDB/data/emotions/2surprise/surprise165.jpg;2
/Users/PpD/Desktop/FinalDB/data/emotions/2surprise/surprise166.jpg;2
/Users/PpD/Desktop/FinalDB/data/emotions/2surprise/surprise167.jpg;2
/Users/PpD/Desktop/FinalDB/data/emotions/2surprise/surprise168.jpg;2
/Users/PpD/Desktop/FinalDB/data/emotions/2surprise/surprise169.jpg;2
/Users/PpD/Desktop/FinalDB/data/emotions/2surprise/surprise17.jpg;2
/Users/PpD/Desktop/FinalDB/data/emotions/2surprise/surprise170.jpg;2
/Users/PpD/Desktop/FinalDB/data/emotions/2surprise/surprise171.jpg;2
/Users/PpD/Desktop/FinalDB/data/emotions/2surprise/surprise172.jpg;2
/Users/PpD/Desktop/FinalDB/data/emotions/2surprise/surprise173.jpg;2
/Users/PpD/Desktop/FinalDB/data/emotions/2surprise/surprise174.jpg;2
/Users/PpD/Desktop/FinalDB/data/emotions/2surprise/surprise175.jpg;2
/Users/PpD/Desktop/FinalDB/data/emotions/2surprise/surprise176.jpg;2
/Users/PpD/Desktop/FinalDB/data/emotions/2surprise/surprise177.jpg;2
/Users/PpD/Desktop/FinalDB/data/emotions/2surprise/surprise178.jpg;2
/Users/PpD/Desktop/FinalDB/data/emotions/2surprise/surprise179.jpg;2
/Users/PpD/Desktop/FinalDB/data/emotions/2surprise/surprise18.jpg;2
/Users/PpD/Desktop/FinalDB/data/emotions/2surprise/surprise180.jpg;2
/Users/PpD/Desktop/FinalDB/data/emotions/2surprise/surprise181.jpg;2
/Users/PpD/Desktop/FinalDB/data/emotions/2surprise/surprise182.jpg;2
/Users/PpD/Desktop/FinalDB/data/emotions/2surprise/surprise183.jpg;2
/Users/PpD/Desktop/FinalDB/data/emotions/2surprise/surprise184.jpg;2
/Users/PpD/Desktop/FinalDB/data/emotions/2surprise/surprise185.jpg;2
/Users/PpD/Desktop/FinalDB/data/emotions/2surprise/surprise186.jpg;2
/Users/PpD/Desktop/FinalDB/data/emotions/2surprise/surprise187.jpg;2
/Users/PpD/Desktop/FinalDB/data/emotions/2surprise/surprise188.jpg;2
/Users/PpD/Desktop/FinalDB/data/emotions/2surprise/surprise189.jpg;2
/Users/PpD/Desktop/FinalDB/data/emotions/2surprise/surprise19.jpg;2
/Users/PpD/Desktop/FinalDB/data/emotions/2surprise/surprise190.jpg;2
/Users/PpD/Desktop/FinalDB/data/emotions/2surprise/surprise191.jpg;2
/Users/PpD/Desktop/FinalDB/data/emotions/2surprise/surprise192.jpg;2
/Users/PpD/Desktop/FinalDB/data/emotions/2surprise/surprise193.jpg;2
/Users/PpD/Desktop/FinalDB/data/emotions/2surprise/surprise194.jpg;2
/Users/PpD/Desktop/FinalDB/data/emotions/2surprise/surprise195.jpg;2
/Users/PpD/Desktop/FinalDB/data/emotions/2surprise/surprise196.jpg;2
/Users/PpD/Desktop/FinalDB/data/emotions/2surprise/surprise197.jpg;2
/Users/PpD/Desktop/FinalDB/data/emotions/2surprise/surprise198.jpg;2
/Users/PpD/Desktop/FinalDB/data/emotions/2surprise/surprise199.jpg;2
/Users/PpD/Desktop/FinalDB/data/emotions/2surprise/surprise2.jpg;2
/Users/PpD/Desktop/FinalDB/data/emotions/2surprise/surprise20.jpg;2
/Users/PpD/Desktop/FinalDB/data/emotions/2surprise/surprise200.jpg;2
/Users/PpD/Desktop/FinalDB/data/emotions/2surprise/surprise201.jpg;2
/Users/PpD/Desktop/FinalDB/data/emotions/2surprise/surprise202.jpg;2
/Users/PpD/Desktop/FinalDB/data/emotions/2surprise/surprise21.jpg;2
/Users/PpD/Desktop/FinalDB/data/emotions/2surprise/surprise22.jpg;2
/Users/PpD/Desktop/FinalDB/data/emotions/2surprise/surprise23.jpg;2
/Users/PpD/Desktop/FinalDB/data/emotions/2surprise/surprise24.jpg;2
/Users/PpD/Desktop/FinalDB/data/emotions/2surprise/surprise25.jpg;2
/Users/PpD/Desktop/FinalDB/data/emotions/2surprise/surprise26.jpg;2
/Users/PpD/Desktop/FinalDB/data/emotions/2surprise/surprise27.jpg;2
/Users/PpD/Desktop/FinalDB/data/emotions/2surprise/surprise28.jpg;2
/Users/PpD/Desktop/FinalDB/data/emotions/2surprise/surprise29.jpg;2
/Users/PpD/Desktop/FinalDB/data/emotions/2surprise/surprise3.jpg;2
/Users/PpD/Desktop/FinalDB/data/emotions/2surprise/surprise30.jpg;2
/Users/PpD/Desktop/FinalDB/data/emotions/2surprise/surprise31.jpg;2
/Users/PpD/Desktop/FinalDB/data/emotions/2surprise/surprise32.jpg;2
/Users/PpD/Desktop/FinalDB/data/emotions/2surprise/surprise33.jpg;2
/Users/PpD/Desktop/FinalDB/data/emotions/2surprise/surprise34.jpg;2
/Users/PpD/Desktop/FinalDB/data/emotions/2surprise/surprise35.jpg;2
/Users/PpD/Desktop/FinalDB/data/emotions/2surprise/surprise36.jpg;2
/Users/PpD/Desktop/FinalDB/data/emotions/2surprise/surprise37.jpg;2
/Users/PpD/Desktop/FinalDB/data/emotions/2surprise/surprise38.jpg;2
/Users/PpD/Desktop/FinalDB/data/emotions/2surprise/surprise39.jpg;2
/Users/PpD/Desktop/FinalDB/data/emotions/2surprise/surprise4.jpg;2
/Users/PpD/Desktop/FinalDB/data/emotions/2surprise/surprise40.jpg;2
/Users/PpD/Desktop/FinalDB/data/emotions/2surprise/surprise41.jpg;2
/Users/PpD/Desktop/FinalDB/data/emotions/2surprise/surprise42.jpg;2
/Users/PpD/Desktop/FinalDB/data/emotions/2surprise/surprise43.jpg;2
/Users/PpD/Desktop/FinalDB/data/emotions/2surprise/surprise44.jpg;2
/Users/PpD/Desktop/FinalDB/data/emotions/2surprise/surprise45.jpg;2
/Users/PpD/Desktop/FinalDB/data/emotions/2surprise/surprise46.jpg;2
/Users/PpD/Desktop/FinalDB/data/emotions/2surprise/surprise47.jpg;2
/Users/PpD/Desktop/FinalDB/data/emotions/2surprise/surprise48.jpg;2
/Users/PpD/Desktop/FinalDB/data/emotions/2surprise/surprise49.jpg;2
/Users/PpD/Desktop/FinalDB/data/emotions/2surprise/surprise5.jpg;2
/Users/PpD/Desktop/FinalDB/data/emotions/2surprise/surprise50.jpg;2
/Users/PpD/Desktop/FinalDB/data/emotions/2surprise/surprise51.jpg;2
/Users/PpD/Desktop/FinalDB/data/emotions/2surprise/surprise52.jpg;2
/Users/PpD/Desktop/FinalDB/data/emotions/2surprise/surprise53.jpg;2
/Users/PpD/Desktop/FinalDB/data/emotions/2surprise/surprise54.jpg;2
/Users/PpD/Desktop/FinalDB/data/emotions/2surprise/surprise55.jpg;2
/Users/PpD/Desktop/FinalDB/data/emotions/2surprise/surprise56.jpg;2
/Users/PpD/Desktop/FinalDB/data/emotions/2surprise/surprise57.jpg;2
/Users/PpD/Desktop/FinalDB/data/emotions/2surprise/surprise58.jpg;2
/Users/PpD/Desktop/FinalDB/data/emotions/2surprise/surprise59.jpg;2
/Users/PpD/Desktop/FinalDB/data/emotions/2surprise/surprise6.jpg;2
/Users/PpD/Desktop/FinalDB/data/emotions/2surprise/surprise60.jpg;2
/Users/PpD/Desktop/FinalDB/data/emotions/2surprise/surprise61.jpg;2
/Users/PpD/Desktop/FinalDB/data/emotions/2surprise/surprise62.jpg;2
/Users/PpD/Desktop/FinalDB/data/emotions/2surprise/surprise63.jpg;2
/Users/PpD/Desktop/FinalDB/data/emotions/2surprise/surprise64.jpg;2
/Users/PpD/Desktop/FinalDB/data/emotions/2surprise/surprise65.jpg;2
/Users/PpD/Desktop/FinalDB/data/emotions/2surprise/surprise66.jpg;2
/Users/PpD/Desktop/FinalDB/data/emotions/2surprise/surprise67.jpg;2
/Users/PpD/Desktop/FinalDB/data/emotions/2surprise/surprise68.jpg;2
/Users/PpD/Desktop/FinalDB/data/emotions/2surprise/surprise69.jpg;2
/Users/PpD/Desktop/FinalDB/data/emotions/2surprise/surprise7.jpg;2
/Users/PpD/Desktop/FinalDB/data/emotions/2surprise/surprise70.jpg;2
/Users/PpD/Desktop/FinalDB/data/emotions/2surprise/surprise71.jpg;2
/Users/PpD/Desktop/FinalDB/data/emotions/2surprise/surprise72.jpg;2
/Users/PpD/Desktop/FinalDB/data/emotions/2surprise/surprise73.jpg;2
/Users/PpD/Desktop/FinalDB/data/emotions/2surprise/surprise74.jpg;2
/Users/PpD/Desktop/FinalDB/data/emotions/2surprise/surprise75.jpg;2
/Users/PpD/Desktop/FinalDB/data/emotions/2surprise/surprise76.jpg;2
/Users/PpD/Desktop/FinalDB/data/emotions/2surprise/surprise77.jpg;2
/Users/PpD/Desktop/FinalDB/data/emotions/2surprise/surprise78.jpg;2
/Users/PpD/Desktop/FinalDB/data/emotions/2surprise/surprise79.jpg;2
/Users/PpD/Desktop/FinalDB/data/emotions/2surprise/surprise8.jpg;2
/Users/PpD/Desktop/FinalDB/data/emotions/2surprise/surprise80.jpg;2
/Users/PpD/Desktop/FinalDB/data/emotions/2surprise/surprise81.jpg;2
/Users/PpD/Desktop/FinalDB/data/emotions/2surprise/surprise82.jpg;2
/Users/PpD/Desktop/FinalDB/data/emotions/2surprise/surprise83.jpg;2
/Users/PpD/Desktop/FinalDB/data/emotions/2surprise/surprise84.jpg;2
/Users/PpD/Desktop/FinalDB/data/emotions/2surprise/surprise85.jpg;2
/Users/PpD/Desktop/FinalDB/data/emotions/2surprise/surprise86.jpg;2
/Users/PpD/Desktop/FinalDB/data/emotions/2surprise/surprise87.jpg;2
/Users/PpD/Desktop/FinalDB/data/emotions/2surprise/surprise88.jpg;2
/Users/PpD/Desktop/FinalDB/data/emotions/2surprise/surprise89.jpg;2
/Users/PpD/Desktop/FinalDB/data/emotions/2surprise/surprise9.jpg;2
/Users/PpD/Desktop/FinalDB/data/emotions/2surprise/surprise90.jpg;2
/Users/PpD/Desktop/FinalDB/data/emotions/2surprise/surprise91.jpg;2
/Users/PpD/Desktop/FinalDB/data/emotions/2surprise/surprise92.jpg;2
/Users/PpD/Desktop/FinalDB/data/emotions/2surprise/surprise93.jpg;2
/Users/PpD/Desktop/FinalDB/data/emotions/2surprise/surprise94.jpg;2
/Users/PpD/Desktop/FinalDB/data/emotions/2surprise/surprise95.jpg;2
/Users/PpD/Desktop/FinalDB/data/emotions/2surprise/surprise96.jpg;2
/Users/PpD/Desktop/FinalDB/data/emotions/2surprise/surprise97.jpg;2
/Users/PpD/Desktop/FinalDB/data/emotions/2surprise/surprise98.jpg;2
/Users/PpD/Desktop/FinalDB/data/emotions/2surprise/surprise99.jpg;2
/Users/PpD/Desktop/FinalDB/data/emotions/3sad/sad1.jpg;3
/Users/PpD/Desktop/FinalDB/data/emotions/3sad/sad10.jpg;3
/Users/PpD/Desktop/FinalDB/data/emotions/3sad/sad11.jpg;3
/Users/PpD/Desktop/FinalDB/data/emotions/3sad/sad12.jpg;3
/Users/PpD/Desktop/FinalDB/data/emotions/3sad/sad13.jpg;3
/Users/PpD/Desktop/FinalDB/data/emotions/3sad/sad14.jpg;3
/Users/PpD/Desktop/FinalDB/data/emotions/3sad/sad15.jpg;3
/Users/PpD/Desktop/FinalDB/data/emotions/3sad/sad16.jpg;3
/Users/PpD/Desktop/FinalDB/data/emotions/3sad/sad17.jpg;3
/Users/PpD/Desktop/FinalDB/data/emotions/3sad/sad18.jpg;3
/Users/PpD/Desktop/FinalDB/data/emotions/3sad/sad19.jpg;3
/Users/PpD/Desktop/FinalDB/data/emotions/3sad/sad2.jpg;3
/Users/PpD/Desktop/FinalDB/data/emotions/3sad/sad20.jpg;3
/Users/PpD/Desktop/FinalDB/data/emotions/3sad/sad21.jpg;3
/Users/PpD/Desktop/FinalDB/data/emotions/3sad/sad22.jpg;3
/Users/PpD/Desktop/FinalDB/data/emotions/3sad/sad23.jpg;3
/Users/PpD/Desktop/FinalDB/data/emotions/3sad/sad24.jpg;3
/Users/PpD/Desktop/FinalDB/data/emotions/3sad/sad25.jpg;3
/Users/PpD/Desktop/FinalDB/data/emotions/3sad/sad26.jpg;3
/Users/PpD/Desktop/FinalDB/data/emotions/3sad/sad27.jpg;3
/Users/PpD/Desktop/FinalDB/data/emotions/3sad/sad28.jpg;3
/Users/PpD/Desktop/FinalDB/data/emotions/3sad/sad29.jpg;3
/Users/PpD/Desktop/FinalDB/data/emotions/3sad/sad3.jpg;3
/Users/PpD/Desktop/FinalDB/data/emotions/3sad/sad30.jpg;3
/Users/PpD/Desktop/FinalDB/data/emotions/3sad/sad31.jpg;3
/Users/PpD/Desktop/FinalDB/data/emotions/3sad/sad32.jpg;3
/Users/PpD/Desktop/FinalDB/data/emotions/3sad/sad33.jpg;3
/Users/PpD/Desktop/FinalDB/data/emotions/3sad/sad34.jpg;3
/Users/PpD/Desktop/FinalDB/data/emotions/3sad/sad35.jpg;3
/Users/PpD/Desktop/FinalDB/data/emotions/3sad/sad36.jpg;3
/Users/PpD/Desktop/FinalDB/data/emotions/3sad/sad37.jpg;3
/Users/PpD/Desktop/FinalDB/data/emotions/3sad/sad38.jpg;3
/Users/PpD/Desktop/FinalDB/data/emotions/3sad/sad39.jpg;3
/Users/PpD/Desktop/FinalDB/data/emotions/3sad/sad4.jpg;3
/Users/PpD/Desktop/FinalDB/data/emotions/3sad/sad40.jpg;3
/Users/PpD/Desktop/FinalDB/data/emotions/3sad/sad41.jpg;3
/Users/PpD/Desktop/FinalDB/data/emotions/3sad/sad42.jpg;3
/Users/PpD/Desktop/FinalDB/data/emotions/3sad/sad43.jpg;3
/Users/PpD/Desktop/FinalDB/data/emotions/3sad/sad44.jpg;3
/Users/PpD/Desktop/FinalDB/data/emotions/3sad/sad45.jpg;3
/Users/PpD/Desktop/FinalDB/data/emotions/3sad/sad46.jpg;3
/Users/PpD/Desktop/FinalDB/data/emotions/3sad/sad47.jpg;3
/Users/PpD/Desktop/FinalDB/data/emotions/3sad/sad48.jpg;3
/Users/PpD/Desktop/FinalDB/data/emotions/3sad/sad49.jpg;3
/Users/PpD/Desktop/FinalDB/data/emotions/3sad/sad5.jpg;3
/Users/PpD/Desktop/FinalDB/data/emotions/3sad/sad50.jpg;3
/Users/PpD/Desktop/FinalDB/data/emotions/3sad/sad51.jpg;3
/Users/PpD/Desktop/FinalDB/data/emotions/3sad/sad52.jpg;3
/Users/PpD/Desktop/FinalDB/data/emotions/3sad/sad53.jpg;3
/Users/PpD/Desktop/FinalDB/data/emotions/3sad/sad54.jpg;3
/Users/PpD/Desktop/FinalDB/data/emotions/3sad/sad55.jpg;3
/Users/PpD/Desktop/FinalDB/data/emotions/3sad/sad56.jpg;3
/Users/PpD/Desktop/FinalDB/data/emotions/3sad/sad57.jpg;3
/Users/PpD/Desktop/FinalDB/data/emotions/3sad/sad58.jpg;3
/Users/PpD/Desktop/FinalDB/data/emotions/3sad/sad59.jpg;3
/Users/PpD/Desktop/FinalDB/data/emotions/3sad/sad6.jpg;3
/Users/PpD/Desktop/FinalDB/data/emotions/3sad/sad60.jpg;3
/Users/PpD/Desktop/FinalDB/data/emotions/3sad/sad61.jpg;3
/Users/PpD/Desktop/FinalDB/data/emotions/3sad/sad62.jpg;3
/Users/PpD/Desktop/FinalDB/data/emotions/3sad/sad63.jpg;3
/Users/PpD/Desktop/FinalDB/data/emotions/3sad/sad64.jpg;3
/Users/PpD/Desktop/FinalDB/data/emotions/3sad/sad65.jpg;3
/Users/PpD/Desktop/FinalDB/data/emotions/3sad/sad66.jpg;3
/Users/PpD/Desktop/FinalDB/data/emotions/3sad/sad67.jpg;3
/Users/PpD/Desktop/FinalDB/data/emotions/3sad/sad68.jpg;3
/Users/PpD/Desktop/FinalDB/data/emotions/3sad/sad69.jpg;3
/Users/PpD/Desktop/FinalDB/data/emotions/3sad/sad7.jpg;3
/Users/PpD/Desktop/FinalDB/data/emotions/3sad/sad70.jpg;3
/Users/PpD/Desktop/FinalDB/data/emotions/3sad/sad71.jpg;3
/Users/PpD/Desktop/FinalDB/data/emotions/3sad/sad72.jpg;3
/Users/PpD/Desktop/FinalDB/data/emotions/3sad/sad73.jpg;3
/Users/PpD/Desktop/FinalDB/data/emotions/3sad/sad74.jpg;3
/Users/PpD/Desktop/FinalDB/data/emotions/3sad/sad75.jpg;3
/Users/PpD/Desktop/FinalDB/data/emotions/3sad/sad76.jpg;3
/Users/PpD/Desktop/FinalDB/data/emotions/3sad/sad77.jpg;3
/Users/PpD/Desktop/FinalDB/data/emotions/3sad/sad78.jpg;3
/Users/PpD/Desktop/FinalDB/data/emotions/3sad/sad79.jpg;3
/Users/PpD/Desktop/FinalDB/data/emotions/3sad/sad8.jpg;3
/Users/PpD/Desktop/FinalDB/data/emotions/3sad/sad80.jpg;3
/Users/PpD/Desktop/FinalDB/data/emotions/3sad/sad81.jpg;3
/Users/PpD/Desktop/FinalDB/data/emotions/3sad/sad82.jpg;3
/Users/PpD/Desktop/FinalDB/data/emotions/3sad/sad83.jpg;3
/Users/PpD/Desktop/FinalDB/data/emotions/3sad/sad84.jpg;3
/Users/PpD/Desktop/FinalDB/data/emotions/3sad/sad85.jpg;3
/Users/PpD/Desktop/FinalDB/data/emotions/3sad/sad86.jpg;3
/Users/PpD/Desktop/FinalDB/data/emotions/3sad/sad87.jpg;3
/Users/PpD/Desktop/FinalDB/data/emotions/3sad/sad88.jpg;3
/Users/PpD/Desktop/FinalDB/data/emotions/3sad/sad89.jpg;3
/Users/PpD/Desktop/FinalDB/data/emotions/3sad/sad9.jpg;3
/Users/PpD/Desktop/FinalDB/data/emotions/3sad/sad90.jpg;3
/Users/PpD/Desktop/FinalDB/data/emotions/3sad/sad91.jpg;3
/Users/PpD/Desktop/FinalDB/data/emotions/3sad/sad92.jpg;3
/Users/PpD/Desktop/FinalDB/data/emotions/3sad/sad93.jpg;3
/Users/PpD/Desktop/FinalDB/data/emotions/3sad/sad94.jpg;3
/Users/PpD/Desktop/FinalDB/data/emotions/3sad/sad95.jpg;3
/Users/PpD/Desktop/FinalDB/data/emotions/3sad/sad96.jpg;3
/Users/PpD/Desktop/FinalDB/data/emotions/3sad/sad97.jpg;3
/Users/PpD/Desktop/FinalDB/data/emotions/3sad/sad98.jpg;3
/Users/PpD/Desktop/FinalDB/data/emotions/3sad/sad99.jpg;3
/Users/PpD/Desktop/FinalDB/data/emotions/4anger/anger1.jpg;4
/Users/PpD/Desktop/FinalDB/data/emotions/4anger/anger10.jpg;4
/Users/PpD/Desktop/FinalDB/data/emotions/4anger/anger11.jpg;4
/Users/PpD/Desktop/FinalDB/data/emotions/4anger/anger12.jpg;4
/Users/PpD/Desktop/FinalDB/data/emotions/4anger/anger13.jpg;4
/Users/PpD/Desktop/FinalDB/data/emotions/4anger/anger14.jpg;4
/Users/PpD/Desktop/FinalDB/data/emotions/4anger/anger15.jpg;4
/Users/PpD/Desktop/FinalDB/data/emotions/4anger/anger16.jpg;4
/Users/PpD/Desktop/FinalDB/data/emotions/4anger/anger17.jpg;4
/Users/PpD/Desktop/FinalDB/data/emotions/4anger/anger18.jpg;4
/Users/PpD/Desktop/FinalDB/data/emotions/4anger/anger19.jpg;4
/Users/PpD/Desktop/FinalDB/data/emotions/4anger/anger2.jpg;4
/Users/PpD/Desktop/FinalDB/data/emotions/4anger/anger20.jpg;4
/Users/PpD/Desktop/FinalDB/data/emotions/4anger/anger21.jpg;4
/Users/PpD/Desktop/FinalDB/data/emotions/4anger/anger22.jpg;4
/Users/PpD/Desktop/FinalDB/data/emotions/4anger/anger23.jpg;4
/Users/PpD/Desktop/FinalDB/data/emotions/4anger/anger24.jpg;4
/Users/PpD/Desktop/FinalDB/data/emotions/4anger/anger25.jpg;4
/Users/PpD/Desktop/FinalDB/data/emotions/4anger/anger26.jpg;4
/Users/PpD/Desktop/FinalDB/data/emotions/4anger/anger27.jpg;4
/Users/PpD/Desktop/FinalDB/data/emotions/4anger/anger28.jpg;4
/Users/PpD/Desktop/FinalDB/data/emotions/4anger/anger29.jpg;4
/Users/PpD/Desktop/FinalDB/data/emotions/4anger/anger3.jpg;4
/Users/PpD/Desktop/FinalDB/data/emotions/4anger/anger30.jpg;4
/Users/PpD/Desktop/FinalDB/data/emotions/4anger/anger31.jpg;4
/Users/PpD/Desktop/FinalDB/data/emotions/4anger/anger32.jpg;4
/Users/PpD/Desktop/FinalDB/data/emotions/4anger/anger33.jpg;4
/Users/PpD/Desktop/FinalDB/data/emotions/4anger/anger34.jpg;4
/Users/PpD/Desktop/FinalDB/data/emotions/4anger/anger35.jpg;4
/Users/PpD/Desktop/FinalDB/data/emotions/4anger/anger36.jpg;4
/Users/PpD/Desktop/FinalDB/data/emotions/4anger/anger37.jpg;4
/Users/PpD/Desktop/FinalDB/data/emotions/4anger/anger38.jpg;4
/Users/PpD/Desktop/FinalDB/data/emotions/4anger/anger39.jpg;4
/Users/PpD/Desktop/FinalDB/data/emotions/4anger/anger4.jpg;4
/Users/PpD/Desktop/FinalDB/data/emotions/4anger/anger40.jpg;4
/Users/PpD/Desktop/FinalDB/data/emotions/4anger/anger41.jpg;4
/Users/PpD/Desktop/FinalDB/data/emotions/4anger/anger42.jpg;4
/Users/PpD/Desktop/FinalDB/data/emotions/4anger/anger43.jpg;4
/Users/PpD/Desktop/FinalDB/data/emotions/4anger/anger44.jpg;4
/Users/PpD/Desktop/FinalDB/data/emotions/4anger/anger45.jpg;4
/Users/PpD/Desktop/FinalDB/data/emotions/4anger/anger46.jpg;4
/Users/PpD/Desktop/FinalDB/data/emotions/4anger/anger47.jpg;4
/Users/PpD/Desktop/FinalDB/data/emotions/4anger/anger48.jpg;4
/Users/PpD/Desktop/FinalDB/data/emotions/4anger/anger49.jpg;4
/Users/PpD/Desktop/FinalDB/data/emotions/4anger/anger5.jpg;4
/Users/PpD/Desktop/FinalDB/data/emotions/4anger/anger50.jpg;4
/Users/PpD/Desktop/FinalDB/data/emotions/4anger/anger51.jpg;4
/Users/PpD/Desktop/FinalDB/data/emotions/4anger/anger52.jpg;4
/Users/PpD/Desktop/FinalDB/data/emotions/4anger/anger53.jpg;4
/Users/PpD/Desktop/FinalDB/data/emotions/4anger/anger54.jpg;4
/Users/PpD/Desktop/FinalDB/data/emotions/4anger/anger55.jpg;4
/Users/PpD/Desktop/FinalDB/data/emotions/4anger/anger56.jpg;4
/Users/PpD/Desktop/FinalDB/data/emotions/4anger/anger57.jpg;4
/Users/PpD/Desktop/FinalDB/data/emotions/4anger/anger58.jpg;4
/Users/PpD/Desktop/FinalDB/data/emotions/4anger/anger59.jpg;4
/Users/PpD/Desktop/FinalDB/data/emotions/4anger/anger6.jpg;4
/Users/PpD/Desktop/FinalDB/data/emotions/4anger/anger60.jpg;4
/Users/PpD/Desktop/FinalDB/data/emotions/4anger/anger61.jpg;4
/Users/PpD/Desktop/FinalDB/data/emotions/4anger/anger62.jpg;4
/Users/PpD/Desktop/FinalDB/data/emotions/4anger/anger63.jpg;4
/Users/PpD/Desktop/FinalDB/data/emotions/4anger/anger64.jpg;4
/Users/PpD/Desktop/FinalDB/data/emotions/4anger/anger65.jpg;4
/Users/PpD/Desktop/FinalDB/data/emotions/4anger/anger66.jpg;4
/Users/PpD/Desktop/FinalDB/data/emotions/4anger/anger67.jpg;4
/Users/PpD/Desktop/FinalDB/data/emotions/4anger/anger68.jpg;4
/Users/PpD/Desktop/FinalDB/data/emotions/4anger/anger69.jpg;4
/Users/PpD/Desktop/FinalDB/data/emotions/4anger/anger7.jpg;4
/Users/PpD/Desktop/FinalDB/data/emotions/4anger/anger70.jpg;4
/Users/PpD/Desktop/FinalDB/data/emotions/4anger/anger71.jpg;4
/Users/PpD/Desktop/FinalDB/data/emotions/4anger/anger72.jpg;4
/Users/PpD/Desktop/FinalDB/data/emotions/4anger/anger73.jpg;4
/Users/PpD/Desktop/FinalDB/data/emotions/4anger/anger74.jpg;4
/Users/PpD/Desktop/FinalDB/data/emotions/4anger/anger75.jpg;4
/Users/PpD/Desktop/FinalDB/data/emotions/4anger/anger76.jpg;4
/Users/PpD/Desktop/FinalDB/data/emotions/4anger/anger77.jpg;4
/Users/PpD/Desktop/FinalDB/data/emotions/4anger/anger78.jpg;4
/Users/PpD/Desktop/FinalDB/data/emotions/4anger/anger79.jpg;4
/Users/PpD/Desktop/FinalDB/data/emotions/4anger/anger8.jpg;4
/Users/PpD/Desktop/FinalDB/data/emotions/4anger/anger80.jpg;4
/Users/PpD/Desktop/FinalDB/data/emotions/4anger/anger81.jpg;4
/Users/PpD/Desktop/FinalDB/data/emotions/4anger/anger82.jpg;4
/Users/PpD/Desktop/FinalDB/data/emotions/4anger/anger83.jpg;4
/Users/PpD/Desktop/FinalDB/data/emotions/4anger/anger84.jpg;4
/Users/PpD/Desktop/FinalDB/data/emotions/4anger/anger85.jpg;4
/Users/PpD/Desktop/FinalDB/data/emotions/4anger/anger86.jpg;4
/Users/PpD/Desktop/FinalDB/data/emotions/4anger/anger87.jpg;4
/Users/PpD/Desktop/FinalDB/data/emotions/4anger/anger88.jpg;4
/Users/PpD/Desktop/FinalDB/data/emotions/4anger/anger89.jpg;4
/Users/PpD/Desktop/FinalDB/data/emotions/4anger/anger9.jpg;4
/Users/PpD/Desktop/FinalDB/data/emotions/4anger/anger90.jpg;4
/Users/PpD/Desktop/FinalDB/data/emotions/5fear/fear1.jpg;5
/Users/PpD/Desktop/FinalDB/data/emotions/5fear/fear10.jpg;5
/Users/PpD/Desktop/FinalDB/data/emotions/5fear/fear11.jpg;5
/Users/PpD/Desktop/FinalDB/data/emotions/5fear/fear12.jpg;5
/Users/PpD/Desktop/FinalDB/data/emotions/5fear/fear13.jpg;5
/Users/PpD/Desktop/FinalDB/data/emotions/5fear/fear14.jpg;5
/Users/PpD/Desktop/FinalDB/data/emotions/5fear/fear15.jpg;5
/Users/PpD/Desktop/FinalDB/data/emotions/5fear/fear16.jpg;5
/Users/PpD/Desktop/FinalDB/data/emotions/5fear/fear17.jpg;5
/Users/PpD/Desktop/FinalDB/data/emotions/5fear/fear18.jpg;5
/Users/PpD/Desktop/FinalDB/data/emotions/5fear/fear19.jpg;5
/Users/PpD/Desktop/FinalDB/data/emotions/5fear/fear2.jpg;5
/Users/PpD/Desktop/FinalDB/data/emotions/5fear/fear20.jpg;5
/Users/PpD/Desktop/FinalDB/data/emotions/5fear/fear21.jpg;5
/Users/PpD/Desktop/FinalDB/data/emotions/5fear/fear22.jpg;5
/Users/PpD/Desktop/FinalDB/data/emotions/5fear/fear23.jpg;5
/Users/PpD/Desktop/FinalDB/data/emotions/5fear/fear24.jpg;5
/Users/PpD/Desktop/FinalDB/data/emotions/5fear/fear25.jpg;5
/Users/PpD/Desktop/FinalDB/data/emotions/5fear/fear26.jpg;5
/Users/PpD/Desktop/FinalDB/data/emotions/5fear/fear27.jpg;5
/Users/PpD/Desktop/FinalDB/data/emotions/5fear/fear28.jpg;5
/Users/PpD/Desktop/FinalDB/data/emotions/5fear/fear29.jpg;5
/Users/PpD/Desktop/FinalDB/data/emotions/5fear/fear3.jpg;5
/Users/PpD/Desktop/FinalDB/data/emotions/5fear/fear30.jpg;5
/Users/PpD/Desktop/FinalDB/data/emotions/5fear/fear31.jpg;5
/Users/PpD/Desktop/FinalDB/data/emotions/5fear/fear32.jpg;5
/Users/PpD/Desktop/FinalDB/data/emotions/5fear/fear33.jpg;5
/Users/PpD/Desktop/FinalDB/data/emotions/5fear/fear34.jpg;5
/Users/PpD/Desktop/FinalDB/data/emotions/5fear/fear35.jpg;5
/Users/PpD/Desktop/FinalDB/data/emotions/5fear/fear36.jpg;5
/Users/PpD/Desktop/FinalDB/data/emotions/5fear/fear37.jpg;5
/Users/PpD/Desktop/FinalDB/data/emotions/5fear/fear38.jpg;5
/Users/PpD/Desktop/FinalDB/data/emotions/5fear/fear39.jpg;5
/Users/PpD/Desktop/FinalDB/data/emotions/5fear/fear4.jpg;5
/Users/PpD/Desktop/FinalDB/data/emotions/5fear/fear40.jpg;5
/Users/PpD/Desktop/FinalDB/data/emotions/5fear/fear41.jpg;5
/Users/PpD/Desktop/FinalDB/data/emotions/5fear/fear42.jpg;5
/Users/PpD/Desktop/FinalDB/data/emotions/5fear/fear43.jpg;5
/Users/PpD/Desktop/FinalDB/data/emotions/5fear/fear44.jpg;5
/Users/PpD/Desktop/FinalDB/data/emotions/5fear/fear45.jpg;5
/Users/PpD/Desktop/FinalDB/data/emotions/5fear/fear46.jpg;5
/Users/PpD/Desktop/FinalDB/data/emotions/5fear/fear47.jpg;5
/Users/PpD/Desktop/FinalDB/data/emotions/5fear/fear48.jpg;5
/Users/PpD/Desktop/FinalDB/data/emotions/5fear/fear49.jpg;5
/Users/PpD/Desktop/FinalDB/data/emotions/5fear/fear5.jpg;5
/Users/PpD/Desktop/FinalDB/data/emotions/5fear/fear50.jpg;5
/Users/PpD/Desktop/FinalDB/data/emotions/5fear/fear51.jpg;5
/Users/PpD/Desktop/FinalDB/data/emotions/5fear/fear52.jpg;5
/Users/PpD/Desktop/FinalDB/data/emotions/5fear/fear53.jpg;5
/Users/PpD/Desktop/FinalDB/data/emotions/5fear/fear54.jpg;5
/Users/PpD/Desktop/FinalDB/data/emotions/5fear/fear55.jpg;5
/Users/PpD/Desktop/FinalDB/data/emotions/5fear/fear56.jpg;5
/Users/PpD/Desktop/FinalDB/data/emotions/5fear/fear57.jpg;5
/Users/PpD/Desktop/FinalDB/data/emotions/5fear/fear58.jpg;5
/Users/PpD/Desktop/FinalDB/data/emotions/5fear/fear59.jpg;5
/Users/PpD/Desktop/FinalDB/data/emotions/5fear/fear6.jpg;5
/Users/PpD/Desktop/FinalDB/data/emotions/5fear/fear60.jpg;5
/Users/PpD/Desktop/FinalDB/data/emotions/5fear/fear61.jpg;5
/Users/PpD/Desktop/FinalDB/data/emotions/5fear/fear62.jpg;5
/Users/PpD/Desktop/FinalDB/data/emotions/5fear/fear63.jpg;5
/Users/PpD/Desktop/FinalDB/data/emotions/5fear/fear64.jpg;5
/Users/PpD/Desktop/FinalDB/data/emotions/5fear/fear65.jpg;5
/Users/PpD/Desktop/FinalDB/data/emotions/5fear/fear66.jpg;5
/Users/PpD/Desktop/FinalDB/data/emotions/5fear/fear67.jpg;5
/Users/PpD/Desktop/FinalDB/data/emotions/5fear/fear68.jpg;5
/Users/PpD/Desktop/FinalDB/data/emotions/5fear/fear69.jpg;5
/Users/PpD/Desktop/FinalDB/data/emotions/5fear/fear7.jpg;5
/Users/PpD/Desktop/FinalDB/data/emotions/5fear/fear70.jpg;5
/Users/PpD/Desktop/FinalDB/data/emotions/5fear/fear71.jpg;5
/Users/PpD/Desktop/FinalDB/data/emotions/5fear/fear72.jpg;5
/Users/PpD/Desktop/FinalDB/data/emotions/5fear/fear73.jpg;5
/Users/PpD/Desktop/FinalDB/data/emotions/5fear/fear74.jpg;5
/Users/PpD/Desktop/FinalDB/data/emotions/5fear/fear75.jpg;5
/Users/PpD/Desktop/FinalDB/data/emotions/5fear/fear76.jpg;5
/Users/PpD/Desktop/FinalDB/data/emotions/5fear/fear77.jpg;5
/Users/PpD/Desktop/FinalDB/data/emotions/5fear/fear78.jpg;5
/Users/PpD/Desktop/FinalDB/data/emotions/5fear/fear79.jpg;5
/Users/PpD/Desktop/FinalDB/data/emotions/5fear/fear8.jpg;5
/Users/PpD/Desktop/FinalDB/data/emotions/5fear/fear80.jpg;5
/Users/PpD/Desktop/FinalDB/data/emotions/5fear/fear81.jpg;5
/Users/PpD/Desktop/FinalDB/data/emotions/5fear/fear82.jpg;5
/Users/PpD/Desktop/FinalDB/data/emotions/5fear/fear83.jpg;5
/Users/PpD/Desktop/FinalDB/data/emotions/5fear/fear84.jpg;5
/Users/PpD/Desktop/FinalDB/data/emotions/5fear/fear85.jpg;5
/Users/PpD/Desktop/FinalDB/data/emotions/5fear/fear86.jpg;5
/Users/PpD/Desktop/FinalDB/data/emotions/5fear/fear87.jpg;5
/Users/PpD/Desktop/FinalDB/data/emotions/5fear/fear88.jpg;5
/Users/PpD/Desktop/FinalDB/data/emotions/5fear/fear9.jpg;5
/Users/PpD/Desktop/FinalDB/data/emotions/6contempt/contempt1.jpg;6
/Users/PpD/Desktop/FinalDB/data/emotions/6contempt/contempt10.jpg;6
/Users/PpD/Desktop/FinalDB/data/emotions/6contempt/contempt100.jpg;6
/Users/PpD/Desktop/FinalDB/data/emotions/6contempt/contempt101.jpg;6
/Users/PpD/Desktop/FinalDB/data/emotions/6contempt/contempt102.jpg;6
/Users/PpD/Desktop/FinalDB/data/emotions/6contempt/contempt103.jpg;6
/Users/PpD/Desktop/FinalDB/data/emotions/6contempt/contempt104.jpg;6
/Users/PpD/Desktop/FinalDB/data/emotions/6contempt/contempt105.jpg;6
/Users/PpD/Desktop/FinalDB/data/emotions/6contempt/contempt106.jpg;6
/Users/PpD/Desktop/FinalDB/data/emotions/6contempt/contempt107.jpg;6
/Users/PpD/Desktop/FinalDB/data/emotions/6contempt/contempt108.jpg;6
/Users/PpD/Desktop/FinalDB/data/emotions/6contempt/contempt109.jpg;6
/Users/PpD/Desktop/FinalDB/data/emotions/6contempt/contempt11.jpg;6
/Users/PpD/Desktop/FinalDB/data/emotions/6contempt/contempt110.jpg;6
/Users/PpD/Desktop/FinalDB/data/emotions/6contempt/contempt111.jpg;6
/Users/PpD/Desktop/FinalDB/data/emotions/6contempt/contempt112.jpg;6
/Users/PpD/Desktop/FinalDB/data/emotions/6contempt/contempt113.jpg;6
/Users/PpD/Desktop/FinalDB/data/emotions/6contempt/contempt114.jpg;6
/Users/PpD/Desktop/FinalDB/data/emotions/6contempt/contempt115.jpg;6
/Users/PpD/Desktop/FinalDB/data/emotions/6contempt/contempt116.jpg;6
/Users/PpD/Desktop/FinalDB/data/emotions/6contempt/contempt117.jpg;6
/Users/PpD/Desktop/FinalDB/data/emotions/6contempt/contempt118.jpg;6
/Users/PpD/Desktop/FinalDB/data/emotions/6contempt/contempt119.jpg;6
/Users/PpD/Desktop/FinalDB/data/emotions/6contempt/contempt12.jpg;6
/Users/PpD/Desktop/FinalDB/data/emotions/6contempt/contempt120.jpg;6
/Users/PpD/Desktop/FinalDB/data/emotions/6contempt/contempt121.jpg;6
/Users/PpD/Desktop/FinalDB/data/emotions/6contempt/contempt122.jpg;6
/Users/PpD/Desktop/FinalDB/data/emotions/6contempt/contempt123.jpg;6
/Users/PpD/Desktop/FinalDB/data/emotions/6contempt/contempt124.jpg;6
/Users/PpD/Desktop/FinalDB/data/emotions/6contempt/contempt13.jpg;6
/Users/PpD/Desktop/FinalDB/data/emotions/6contempt/contempt14.jpg;6
/Users/PpD/Desktop/FinalDB/data/emotions/6contempt/contempt15.jpg;6
/Users/PpD/Desktop/FinalDB/data/emotions/6contempt/contempt16.jpg;6
/Users/PpD/Desktop/FinalDB/data/emotions/6contempt/contempt17.jpg;6
/Users/PpD/Desktop/FinalDB/data/emotions/6contempt/contempt18.jpg;6
/Users/PpD/Desktop/FinalDB/data/emotions/6contempt/contempt19.jpg;6
/Users/PpD/Desktop/FinalDB/data/emotions/6contempt/contempt2.jpg;6
/Users/PpD/Desktop/FinalDB/data/emotions/6contempt/contempt20.jpg;6
/Users/PpD/Desktop/FinalDB/data/emotions/6contempt/contempt21.jpg;6
/Users/PpD/Desktop/FinalDB/data/emotions/6contempt/contempt22.jpg;6
/Users/PpD/Desktop/FinalDB/data/emotions/6contempt/contempt23.jpg;6
/Users/PpD/Desktop/FinalDB/data/emotions/6contempt/contempt24.jpg;6
/Users/PpD/Desktop/FinalDB/data/emotions/6contempt/contempt25.jpg;6
/Users/PpD/Desktop/FinalDB/data/emotions/6contempt/contempt26.jpg;6
/Users/PpD/Desktop/FinalDB/data/emotions/6contempt/contempt27.jpg;6
/Users/PpD/Desktop/FinalDB/data/emotions/6contempt/contempt28.jpg;6
/Users/PpD/Desktop/FinalDB/data/emotions/6contempt/contempt29.jpg;6
/Users/PpD/Desktop/FinalDB/data/emotions/6contempt/contempt3.jpg;6
/Users/PpD/Desktop/FinalDB/data/emotions/6contempt/contempt30.jpg;6
/Users/PpD/Desktop/FinalDB/data/emotions/6contempt/contempt31.jpg;6
/Users/PpD/Desktop/FinalDB/data/emotions/6contempt/contempt32.jpg;6
/Users/PpD/Desktop/FinalDB/data/emotions/6contempt/contempt33.jpg;6
/Users/PpD/Desktop/FinalDB/data/emotions/6contempt/contempt34.jpg;6
/Users/PpD/Desktop/FinalDB/data/emotions/6contempt/contempt35.jpg;6
/Users/PpD/Desktop/FinalDB/data/emotions/6contempt/contempt36.jpg;6
/Users/PpD/Desktop/FinalDB/data/emotions/6contempt/contempt37.jpg;6
/Users/PpD/Desktop/FinalDB/data/emotions/6contempt/contempt38.jpg;6
/Users/PpD/Desktop/FinalDB/data/emotions/6contempt/contempt39.jpg;6
/Users/PpD/Desktop/FinalDB/data/emotions/6contempt/contempt4.jpg;6
/Users/PpD/Desktop/FinalDB/data/emotions/6contempt/contempt40.jpg;6
/Users/PpD/Desktop/FinalDB/data/emotions/6contempt/contempt41.jpg;6
/Users/PpD/Desktop/FinalDB/data/emotions/6contempt/contempt42.jpg;6
/Users/PpD/Desktop/FinalDB/data/emotions/6contempt/contempt43.jpg;6
/Users/PpD/Desktop/FinalDB/data/emotions/6contempt/contempt44.jpg;6
/Users/PpD/Desktop/FinalDB/data/emotions/6contempt/contempt45.jpg;6
/Users/PpD/Desktop/FinalDB/data/emotions/6contempt/contempt46.jpg;6
/Users/PpD/Desktop/FinalDB/data/emotions/6contempt/contempt47.jpg;6
/Users/PpD/Desktop/FinalDB/data/emotions/6contempt/contempt48.jpg;6
/Users/PpD/Desktop/FinalDB/data/emotions/6contempt/contempt49.jpg;6
/Users/PpD/Desktop/FinalDB/data/emotions/6contempt/contempt5.jpg;6
/Users/PpD/Desktop/FinalDB/data/emotions/6contempt/contempt50.jpg;6
/Users/PpD/Desktop/FinalDB/data/emotions/6contempt/contempt51.jpg;6
/Users/PpD/Desktop/FinalDB/data/emotions/6contempt/contempt52.jpg;6
/Users/PpD/Desktop/FinalDB/data/emotions/6contempt/contempt53.jpg;6
/Users/PpD/Desktop/FinalDB/data/emotions/6contempt/contempt54.jpg;6
/Users/PpD/Desktop/FinalDB/data/emotions/6contempt/contempt55.jpg;6
/Users/PpD/Desktop/FinalDB/data/emotions/6contempt/contempt56.jpg;6
/Users/PpD/Desktop/FinalDB/data/emotions/6contempt/contempt57.jpg;6
/Users/PpD/Desktop/FinalDB/data/emotions/6contempt/contempt58.jpg;6
/Users/PpD/Desktop/FinalDB/data/emotions/6contempt/contempt59.jpg;6
/Users/PpD/Desktop/FinalDB/data/emotions/6contempt/contempt6.jpg;6
/Users/PpD/Desktop/FinalDB/data/emotions/6contempt/contempt60.jpg;6
/Users/PpD/Desktop/FinalDB/data/emotions/6contempt/contempt61.jpg;6
/Users/PpD/Desktop/FinalDB/data/emotions/6contempt/contempt62.jpg;6
/Users/PpD/Desktop/FinalDB/data/emotions/6contempt/contempt63.jpg;6
/Users/PpD/Desktop/FinalDB/data/emotions/6contempt/contempt64.jpg;6
/Users/PpD/Desktop/FinalDB/data/emotions/6contempt/contempt65.jpg;6
/Users/PpD/Desktop/FinalDB/data/emotions/6contempt/contempt66.jpg;6
/Users/PpD/Desktop/FinalDB/data/emotions/6contempt/contempt67.jpg;6
/Users/PpD/Desktop/FinalDB/data/emotions/6contempt/contempt68.jpg;6
/Users/PpD/Desktop/FinalDB/data/emotions/6contempt/contempt69.jpg;6
/Users/PpD/Desktop/FinalDB/data/emotions/6contempt/contempt7.jpg;6
/Users/PpD/Desktop/FinalDB/data/emotions/6contempt/contempt70.jpg;6
/Users/PpD/Desktop/FinalDB/data/emotions/6contempt/contempt71.jpg;6
/Users/PpD/Desktop/FinalDB/data/emotions/6contempt/contempt72.jpg;6
/Users/PpD/Desktop/FinalDB/data/emotions/6contempt/contempt73.jpg;6
/Users/PpD/Desktop/FinalDB/data/emotions/6contempt/contempt74.jpg;6
/Users/PpD/Desktop/FinalDB/data/emotions/6contempt/contempt75.jpg;6
/Users/PpD/Desktop/FinalDB/data/emotions/6contempt/contempt76.jpg;6
/Users/PpD/Desktop/FinalDB/data/emotions/6contempt/contempt77.jpg;6
/Users/PpD/Desktop/FinalDB/data/emotions/6contempt/contempt78.jpg;6
/Users/PpD/Desktop/FinalDB/data/emotions/6contempt/contempt79.jpg;6
/Users/PpD/Desktop/FinalDB/data/emotions/6contempt/contempt8.jpg;6
/Users/PpD/Desktop/FinalDB/data/emotions/6contempt/contempt80.jpg;6
/Users/PpD/Desktop/FinalDB/data/emotions/6contempt/contempt81.jpg;6
/Users/PpD/Desktop/FinalDB/data/emotions/6contempt/contempt82.jpg;6
/Users/PpD/Desktop/FinalDB/data/emotions/6contempt/contempt83.jpg;6
/Users/PpD/Desktop/FinalDB/data/emotions/6contempt/contempt84.jpg;6
/Users/PpD/Desktop/FinalDB/data/emotions/6contempt/contempt85.jpg;6
/Users/PpD/Desktop/FinalDB/data/emotions/6contempt/contempt86.jpg;6
/Users/PpD/Desktop/FinalDB/data/emotions/6contempt/contempt87.jpg;6
/Users/PpD/Desktop/FinalDB/data/emotions/6contempt/contempt88.jpg;6
/Users/PpD/Desktop/FinalDB/data/emotions/6contempt/contempt89.jpg;6
/Users/PpD/Desktop/FinalDB/data/emotions/6contempt/contempt9.jpg;6
/Users/PpD/Desktop/FinalDB/data/emotions/6contempt/contempt90.jpg;6
/Users/PpD/Desktop/FinalDB/data/emotions/6contempt/contempt91.jpg;6
/Users/PpD/Desktop/FinalDB/data/emotions/6contempt/contempt92.jpg;6
/Users/PpD/Desktop/FinalDB/data/emotions/6contempt/contempt93.jpg;6
/Users/PpD/Desktop/FinalDB/data/emotions/6contempt/contempt94.jpg;6
/Users/PpD/Desktop/FinalDB/data/emotions/6contempt/contempt95.jpg;6
/Users/PpD/Desktop/FinalDB/data/emotions/6contempt/contempt96.jpg;6
/Users/PpD/Desktop/FinalDB/data/emotions/6contempt/contempt97.jpg;6
/Users/PpD/Desktop/FinalDB/data/emotions/6contempt/contempt98.jpg;6
/Users/PpD/Desktop/FinalDB/data/emotions/6contempt/contempt99.jpg;6
/Users/PpD/Desktop/FinalDB/data/emotions/7disgust/disgust1.jpg;7
/Users/PpD/Desktop/FinalDB/data/emotions/7disgust/disgust10.jpg;7
/Users/PpD/Desktop/FinalDB/data/emotions/7disgust/disgust100.jpg;7
/Users/PpD/Desktop/FinalDB/data/emotions/7disgust/disgust101.jpg;7
/Users/PpD/Desktop/FinalDB/data/emotions/7disgust/disgust102.jpg;7
/Users/PpD/Desktop/FinalDB/data/emotions/7disgust/disgust103.jpg;7
/Users/PpD/Desktop/FinalDB/data/emotions/7disgust/disgust104.jpg;7
/Users/PpD/Desktop/FinalDB/data/emotions/7disgust/disgust105.jpg;7
/Users/PpD/Desktop/FinalDB/data/emotions/7disgust/disgust106.jpg;7
/Users/PpD/Desktop/FinalDB/data/emotions/7disgust/disgust107.jpg;7
/Users/PpD/Desktop/FinalDB/data/emotions/7disgust/disgust108.jpg;7
/Users/PpD/Desktop/FinalDB/data/emotions/7disgust/disgust109.jpg;7
/Users/PpD/Desktop/FinalDB/data/emotions/7disgust/disgust11.jpg;7
/Users/PpD/Desktop/FinalDB/data/emotions/7disgust/disgust110.jpg;7
/Users/PpD/Desktop/FinalDB/data/emotions/7disgust/disgust111.jpg;7
/Users/PpD/Desktop/FinalDB/data/emotions/7disgust/disgust112.jpg;7
/Users/PpD/Desktop/FinalDB/data/emotions/7disgust/disgust113.jpg;7
/Users/PpD/Desktop/FinalDB/data/emotions/7disgust/disgust114.jpg;7
/Users/PpD/Desktop/FinalDB/data/emotions/7disgust/disgust115.jpg;7
/Users/PpD/Desktop/FinalDB/data/emotions/7disgust/disgust116.jpg;7
/Users/PpD/Desktop/FinalDB/data/emotions/7disgust/disgust117.jpg;7
/Users/PpD/Desktop/FinalDB/data/emotions/7disgust/disgust118.jpg;7
/Users/PpD/Desktop/FinalDB/data/emotions/7disgust/disgust119.jpg;7
/Users/PpD/Desktop/FinalDB/data/emotions/7disgust/disgust12.jpg;7
/Users/PpD/Desktop/FinalDB/data/emotions/7disgust/disgust13.jpg;7
/Users/PpD/Desktop/FinalDB/data/emotions/7disgust/disgust14.jpg;7
/Users/PpD/Desktop/FinalDB/data/emotions/7disgust/disgust15.jpg;7
/Users/PpD/Desktop/FinalDB/data/emotions/7disgust/disgust16.jpg;7
/Users/PpD/Desktop/FinalDB/data/emotions/7disgust/disgust17.jpg;7
/Users/PpD/Desktop/FinalDB/data/emotions/7disgust/disgust18.jpg;7
/Users/PpD/Desktop/FinalDB/data/emotions/7disgust/disgust19.jpg;7
/Users/PpD/Desktop/FinalDB/data/emotions/7disgust/disgust2.jpg;7
/Users/PpD/Desktop/FinalDB/data/emotions/7disgust/disgust20.jpg;7
/Users/PpD/Desktop/FinalDB/data/emotions/7disgust/disgust21.jpg;7
/Users/PpD/Desktop/FinalDB/data/emotions/7disgust/disgust22.jpg;7
/Users/PpD/Desktop/FinalDB/data/emotions/7disgust/disgust23.jpg;7
/Users/PpD/Desktop/FinalDB/data/emotions/7disgust/disgust24.jpg;7
/Users/PpD/Desktop/FinalDB/data/emotions/7disgust/disgust25.jpg;7
/Users/PpD/Desktop/FinalDB/data/emotions/7disgust/disgust26.jpg;7
/Users/PpD/Desktop/FinalDB/data/emotions/7disgust/disgust27.jpg;7
/Users/PpD/Desktop/FinalDB/data/emotions/7disgust/disgust28.jpg;7
/Users/PpD/Desktop/FinalDB/data/emotions/7disgust/disgust29.jpg;7
/Users/PpD/Desktop/FinalDB/data/emotions/7disgust/disgust3.jpg;7
/Users/PpD/Desktop/FinalDB/data/emotions/7disgust/disgust30.jpg;7
/Users/PpD/Desktop/FinalDB/data/emotions/7disgust/disgust31.jpg;7
/Users/PpD/Desktop/FinalDB/data/emotions/7disgust/disgust32.jpg;7
/Users/PpD/Desktop/FinalDB/data/emotions/7disgust/disgust33.jpg;7
/Users/PpD/Desktop/FinalDB/data/emotions/7disgust/disgust34.jpg;7
/Users/PpD/Desktop/FinalDB/data/emotions/7disgust/disgust35.jpg;7
/Users/PpD/Desktop/FinalDB/data/emotions/7disgust/disgust36.jpg;7
/Users/PpD/Desktop/FinalDB/data/emotions/7disgust/disgust37.jpg;7
/Users/PpD/Desktop/FinalDB/data/emotions/7disgust/disgust38.jpg;7
/Users/PpD/Desktop/FinalDB/data/emotions/7disgust/disgust39.jpg;7
/Users/PpD/Desktop/FinalDB/data/emotions/7disgust/disgust4.jpg;7
/Users/PpD/Desktop/FinalDB/data/emotions/7disgust/disgust40.jpg;7
/Users/PpD/Desktop/FinalDB/data/emotions/7disgust/disgust41.jpg;7
/Users/PpD/Desktop/FinalDB/data/emotions/7disgust/disgust42.jpg;7
/Users/PpD/Desktop/FinalDB/data/emotions/7disgust/disgust43.jpg;7
/Users/PpD/Desktop/FinalDB/data/emotions/7disgust/disgust44.jpg;7
/Users/PpD/Desktop/FinalDB/data/emotions/7disgust/disgust45.jpg;7
/Users/PpD/Desktop/FinalDB/data/emotions/7disgust/disgust46.jpg;7
/Users/PpD/Desktop/FinalDB/data/emotions/7disgust/disgust47.jpg;7
/Users/PpD/Desktop/FinalDB/data/emotions/7disgust/disgust48.jpg;7
/Users/PpD/Desktop/FinalDB/data/emotions/7disgust/disgust49.jpg;7
/Users/PpD/Desktop/FinalDB/data/emotions/7disgust/disgust5.jpg;7
/Users/PpD/Desktop/FinalDB/data/emotions/7disgust/disgust50.jpg;7
/Users/PpD/Desktop/FinalDB/data/emotions/7disgust/disgust51.jpg;7
/Users/PpD/Desktop/FinalDB/data/emotions/7disgust/disgust52.jpg;7
/Users/PpD/Desktop/FinalDB/data/emotions/7disgust/disgust53.jpg;7
/Users/PpD/Desktop/FinalDB/data/emotions/7disgust/disgust54.jpg;7
/Users/PpD/Desktop/FinalDB/data/emotions/7disgust/disgust55.jpg;7
/Users/PpD/Desktop/FinalDB/data/emotions/7disgust/disgust56.jpg;7
/Users/PpD/Desktop/FinalDB/data/emotions/7disgust/disgust57.jpg;7
/Users/PpD/Desktop/FinalDB/data/emotions/7disgust/disgust58.jpg;7
/Users/PpD/Desktop/FinalDB/data/emotions/7disgust/disgust59.jpg;7
/Users/PpD/Desktop/FinalDB/data/emotions/7disgust/disgust6.jpg;7
/Users/PpD/Desktop/FinalDB/data/emotions/7disgust/disgust60.jpg;7
/Users/PpD/Desktop/FinalDB/data/emotions/7disgust/disgust61.jpg;7
/Users/PpD/Desktop/FinalDB/data/emotions/7disgust/disgust62.jpg;7
/Users/PpD/Desktop/FinalDB/data/emotions/7disgust/disgust63.jpg;7
/Users/PpD/Desktop/FinalDB/data/emotions/7disgust/disgust64.jpg;7
/Users/PpD/Desktop/FinalDB/data/emotions/7disgust/disgust65.jpg;7
/Users/PpD/Desktop/FinalDB/data/emotions/7disgust/disgust66.jpg;7
/Users/PpD/Desktop/FinalDB/data/emotions/7disgust/disgust67.jpg;7
/Users/PpD/Desktop/FinalDB/data/emotions/7disgust/disgust68.jpg;7
/Users/PpD/Desktop/FinalDB/data/emotions/7disgust/disgust69.jpg;7
/Users/PpD/Desktop/FinalDB/data/emotions/7disgust/disgust7.jpg;7
/Users/PpD/Desktop/FinalDB/data/emotions/7disgust/disgust70.jpg;7
/Users/PpD/Desktop/FinalDB/data/emotions/7disgust/disgust71.jpg;7
/Users/PpD/Desktop/FinalDB/data/emotions/7disgust/disgust72.jpg;7
/Users/PpD/Desktop/FinalDB/data/emotions/7disgust/disgust73.jpg;7
/Users/PpD/Desktop/FinalDB/data/emotions/7disgust/disgust74.jpg;7
/Users/PpD/Desktop/FinalDB/data/emotions/7disgust/disgust75.jpg;7
/Users/PpD/Desktop/FinalDB/data/emotions/7disgust/disgust76.jpg;7
/Users/PpD/Desktop/FinalDB/data/emotions/7disgust/disgust77.jpg;7
/Users/PpD/Desktop/FinalDB/data/emotions/7disgust/disgust78.jpg;7
/Users/PpD/Desktop/FinalDB/data/emotions/7disgust/disgust79.jpg;7
/Users/PpD/Desktop/FinalDB/data/emotions/7disgust/disgust8.jpg;7
/Users/PpD/Desktop/FinalDB/data/emotions/7disgust/disgust80.jpg;7
/Users/PpD/Desktop/FinalDB/data/emotions/7disgust/disgust81.jpg;7
/Users/PpD/Desktop/FinalDB/data/emotions/7disgust/disgust82.jpg;7
/Users/PpD/Desktop/FinalDB/data/emotions/7disgust/disgust83.jpg;7
/Users/PpD/Desktop/FinalDB/data/emotions/7disgust/disgust84.jpg;7
/Users/PpD/Desktop/FinalDB/data/emotions/7disgust/disgust85.jpg;7
/Users/PpD/Desktop/FinalDB/data/emotions/7disgust/disgust86.jpg;7
/Users/PpD/Desktop/FinalDB/data/emotions/7disgust/disgust87.jpg;7
/Users/PpD/Desktop/FinalDB/data/emotions/7disgust/disgust88.jpg;7
/Users/PpD/Desktop/FinalDB/data/emotions/7disgust/disgust89.jpg;7
/Users/PpD/Desktop/FinalDB/data/emotions/7disgust/disgust9.jpg;7
/Users/PpD/Desktop/FinalDB/data/emotions/7disgust/disgust90.jpg;7
/Users/PpD/Desktop/FinalDB/data/emotions/7disgust/disgust91.jpg;7
/Users/PpD/Desktop/FinalDB/data/emotions/7disgust/disgust92.jpg;7
/Users/PpD/Desktop/FinalDB/data/emotions/7disgust/disgust93.jpg;7
/Users/PpD/Desktop/FinalDB/data/emotions/7disgust/disgust94.jpg;7
/Users/PpD/Desktop/FinalDB/data/emotions/7disgust/disgust95.jpg;7
/Users/PpD/Desktop/FinalDB/data/emotions/7disgust/disgust96.jpg;7
/Users/PpD/Desktop/FinalDB/data/emotions/7disgust/disgust97.jpg;7
/Users/PpD/Desktop/FinalDB/data/emotions/7disgust/disgust98.jpg;7
/Users/PpD/Desktop/FinalDB/data/emotions/7disgust/disgust99.jpg;7
